Id,Label,timeset,modularity_class,weighted indegree,weighted outdegree,Weighted Degree,Eccentricity,closnesscentrality,harmonicclosnesscentrality,betweenesscentrality,pageranks,clustering
1,clean,,0,0,0,0,0,0,0,0,0,0
2,nice,,0,347,425,772,2,0.894737,0.941176,19.776728,0.034665,0.660282
3,look,,0,270,403,673,2,0.68,0.764706,4.626986,0.026115,0.778656
4,like,,0,461,353,814,2,0.918919,0.955882,29.223122,0.040297,0.635472
5,did,,0,0,0,0,0,0,0,0,0,0
6,years,,0,0,0,0,0,0,0,0,0,0
7,ago,,0,0,0,0,0,0,0,0,0,0
8,real,,0,0,0,0,0,0,0,0,0,0
9,great,,0,1033,1271,2304,1,1,1,34.295569,0.040841,0.632799
10,light,,0,0,0,0,0,0,0,0,0,0
11,product,,0,0,0,0,0,0,0,0,0,0
12,inner,,0,0,0,0,0,0,0,0,0,0
13,lining,,0,0,0,0,0,0,0,0,0,0
14,make,,0,0,0,0,0,0,0,0,0,0
15,shoe,,0,1162,784,1946,1,1,1,38.830054,0.042993,0.631016
16,tighter,,0,0,0,0,0,0,0,0,0,0
17,terrible,,0,0,0,0,0,0,0,0,0,0
18,shoes,,1,0,0,0,0,0,0,0,0,0
19,expected,,0,248,197,445,2,0.73913,0.823529,6.445886,0.02458,0.738462
20,thanks,,0,0,0,0,0,0,0,0,0,0
21,sneaker,,0,0,0,0,0,0,0,0,0,0
22,nike,,1,315,181,496,2,0.68,0.764706,9.913008,0.032579,0.709231
23,love,,0,446,535,981,2,0.871795,0.926471,20.458791,0.036006,0.659274
24,mix,,0,0,0,0,0,0,0,0,0,0
25,colors,,0,0,0,0,0,0,0,0,0,0
26,white,,0,0,0,0,0,0,0,0,0,0
27,various,,0,0,0,0,0,0,0,0,0,0
28,sadly,,0,0,0,0,0,0,0,0,0,0
29,run,,2,115,223,338,2,0.653846,0.735294,2.81551,0.020461,0.782609
30,small,,2,375,229,604,2,0.755556,0.838235,10.052119,0.030792,0.730769
31,size,,2,631,578,1209,2,0.894737,0.941176,20.037809,0.035264,0.663306
32,narrow,,2,201,151,352,2,0.68,0.764706,3.689321,0.025432,0.813158
33,higher,,0,0,0,0,0,0,0,0,0,0
34,feet,,2,243,191,434,2,0.772727,0.852941,11.293644,0.030621,0.75
35,really,,0,191,319,510,2,0.772727,0.852941,13.92314,0.034013,0.678495
36,wide,,0,0,0,0,0,0,0,0,0,0
37,bigger,,0,0,0,0,0,0,0,0,0,0
38,fit,,0,892,1008,1900,2,0.971429,0.985294,31.720796,0.040975,0.649621
39,nikes,,0,0,0,0,0,0,0,0,0,0
40,order,,0,0,0,0,0,0,0,0,0,0
41,favorite,,0,0,0,0,0,0,0,0,0,0
42,design,,0,0,0,0,0,0,0,0,0,0
43,awesome,,0,0,0,0,0,0,0,0,0,0
44,color,,0,179,109,288,2,0.666667,0.75,1.854802,0.021777,0.860526
45,buying,,0,0,0,0,0,0,0,0,0,0
46,future,,0,0,0,0,0,0,0,0,0,0
47,perfect,,0,373,375,748,2,0.894737,0.941176,21.308682,0.032956,0.65121
48,lot,,0,0,0,0,0,0,0,0,0,0
49,support,,0,0,0,0,0,0,0,0,0,0
50,say,,0,0,0,0,0,0,0,0,0,0
51,airmax,,0,0,0,0,0,0,0,0,0,0
52,twist,,0,0,0,0,0,0,0,0,0,0
53,know,,0,0,0,0,0,0,0,0,0,0
54,fits,,0,130,273,403,2,0.73913,0.823529,2.402497,0.018014,0.804348
55,little,,2,273,261,534,2,0.693878,0.779412,4.918761,0.02767,0.769231
56,big,,0,0,0,0,0,0,0,0,0,0
57,havent,,0,0,0,0,0,0,0,0,0,0
58,wore,,0,0,0,0,0,0,0,0,0,0
59,pairs,,0,0,0,0,0,0,0,0,0,0
60,socks,,0,0,0,0,0,0,0,0,0,0
61,needed,,0,0,0,0,0,0,0,0,0,0
62,need,,0,0,0,0,0,0,0,0,0,0
63,pair,,1,318,281,599,2,0.809524,0.882353,11.87885,0.027514,0.679803
64,uk,,0,0,0,0,0,0,0,0,0,0
65,sneakers,,0,0,0,0,0,0,0,0,0,0
66,came,,0,0,0,0,0,0,0,0,0,0
67,dirty,,0,0,0,0,0,0,0,0,0,0
68,ankle,,0,0,0,0,0,0,0,0,0,0
69,ordered,,2,105,184,289,2,0.618182,0.691176,1.909139,0.019205,0.803922
70,old,,0,0,0,0,0,0,0,0,0,0
71,disappointed,,0,0,0,0,0,0,0,0,0,0
72,returning,,0,0,0,0,0,0,0,0,0,0
73,bought,,1,175,247,422,2,0.62963,0.705882,1.654484,0.023625,0.857895
74,daughter,,0,0,0,0,0,0,0,0,0,0
75,wife,,0,0,0,0,0,0,0,0,0,0
76,knowing,,0,0,0,0,0,0,0,0,0,0
77,day,,2,146,74,220,2,0.62963,0.705882,1.163163,0.015621,0.816993
78,doesnt,,0,0,0,0,0,0,0,0,0,0
79,comes,,0,0,0,0,0,0,0,0,0,0
80,going,,0,0,0,0,0,0,0,0,0,0
81,surprise,,0,0,0,0,0,0,0,0,0,0
82,having,,0,0,0,0,0,0,0,0,0,0
83,air,,0,0,0,0,0,0,0,0,0,0
84,max,,0,0,0,0,0,0,0,0,0,0
85,thank,,0,0,0,0,0,0,0,0,0,0
86,adorable,,0,0,0,0,0,0,0,0,0,0
87,kicks,,0,0,0,0,0,0,0,0,0,0
88,maybe,,0,0,0,0,0,0,0,0,0,0
89,half,,0,0,0,0,0,0,0,0,0,0
90,cost,,0,0,0,0,0,0,0,0,0,0
91,stated,,0,0,0,0,0,0,0,0,0,0
92,yellow,,0,0,0,0,0,0,0,0,0,0
93,states,,0,0,0,0,0,0,0,0,0,0
94,looks,,0,0,0,0,0,0,0,0,0,0
95,unhappy,,0,0,0,0,0,0,0,0,0,0
96,brought,,0,0,0,0,0,0,0,0,0,0
97,certain,,0,0,0,0,0,0,0,0,0,0
98,outfit,,0,0,0,0,0,0,0,0,0,0
99,um,,0,0,0,0,0,0,0,0,0,0
100,purchase,,0,0,0,0,0,0,0,0,0,0
101,plus,,0,0,0,0,0,0,0,0,0,0
102,charged,,0,0,0,0,0,0,0,0,0,0
103,tells,,0,0,0,0,0,0,0,0,0,0
104,fixed,,0,0,0,0,0,0,0,0,0,0
105,womens,,0,0,0,0,0,0,0,0,0,0
106,received,,0,0,0,0,0,0,0,0,0,0
107,mens,,0,0,0,0,0,0,0,0,0,0
108,wasnt,,0,0,0,0,0,0,0,0,0,0
109,picture,,0,0,0,0,0,0,0,0,0,0
110,way,,0,0,0,0,0,0,0,0,0,0
111,yes,,0,0,0,0,0,0,0,0,0,0
112,return,,0,0,0,0,0,0,0,0,0,0
113,problems,,0,0,0,0,0,0,0,0,0,0
114,getting,,0,0,0,0,0,0,0,0,0,0
115,refund,,0,0,0,0,0,0,0,0,0,0
116,feel,,0,203,248,451,2,0.666667,0.75,3.273027,0.02225,0.80303
117,walk,,0,0,0,0,0,0,0,0,0,0
118,different,,0,0,0,0,0,0,0,0,0,0
119,sizes,,0,0,0,0,0,0,0,0,0,0
120,glad,,0,0,0,0,0,0,0,0,0,0
121,able,,0,0,0,0,0,0,0,0,0,0
122,left,,0,0,0,0,0,0,0,0,0,0
123,thinks,,0,0,0,0,0,0,0,0,0,0
124,version,,0,0,0,0,0,0,0,0,0,0
125,versions,,0,0,0,0,0,0,0,0,0,0
126,maxes,,0,0,0,0,0,0,0,0,0,0
127,ill,,0,0,0,0,0,0,0,0,0,0
128,super,,0,0,0,0,0,0,0,0,0,0
129,careful,,0,0,0,0,0,0,0,0,0,0
130,babies,,0,0,0,0,0,0,0,0,0,0
131,man,,0,0,0,0,0,0,0,0,0,0
132,returned,,0,0,0,0,0,0,0,0,0,0
133,ran,,0,0,0,0,0,0,0,0,0,0
134,pain,,0,0,0,0,0,0,0,0,0,0
135,paid,,0,0,0,0,0,0,0,0,0,0
136,initial,,0,0,0,0,0,0,0,0,0,0
137,shipping,,0,0,0,0,0,0,0,0,0,0
138,incredible,,0,0,0,0,0,0,0,0,0,0
139,tight,,2,175,111,286,2,0.641509,0.720588,2.081817,0.021006,0.82381
140,time,,2,115,132,247,2,0.723404,0.808824,4.970299,0.022635,0.743083
141,wear,,2,266,341,607,2,0.809524,0.882353,18.921051,0.035634,0.666667
142,laces,,0,0,0,0,0,0,0,0,0,0
143,untied,,0,0,0,0,0,0,0,0,0,0
144,loose,,0,0,0,0,0,0,0,0,0,0
145,break,,0,0,0,0,0,0,0,0,0,0
146,better,,0,0,0,0,0,0,0,0,0,0
147,satisfied,,0,0,0,0,0,0,0,0,0,0
148,fitted,,0,0,0,0,0,0,0,0,0,0
149,box,,0,0,0,0,0,0,0,0,0,0
150,crushed,,0,0,0,0,0,0,0,0,0,0
151,minor,,0,0,0,0,0,0,0,0,0,0
152,damage,,0,0,0,0,0,0,0,0,0,0
153,think,,0,0,0,0,0,0,0,0,0,0
154,excellent,,0,114,164,278,2,0.666667,0.75,1.947477,0.019518,0.778656
155,woman,,0,0,0,0,0,0,0,0,0,0
156,mans,,0,0,0,0,0,0,0,0,0,0
157,heel,,0,0,0,0,0,0,0,0,0,0
158,smaller,,0,0,0,0,0,0,0,0,0,0
159,major,,0,0,0,0,0,0,0,0,0,0
160,spine,,0,0,0,0,0,0,0,0,0,0
161,surgery,,0,0,0,0,0,0,0,0,0,0
162,total,,0,0,0,0,0,0,0,0,0,0
163,knee,,0,0,0,0,0,0,0,0,0,0
164,replacements,,0,0,0,0,0,0,0,0,0,0
165,use,,0,0,0,0,0,0,0,0,0,0
166,treadmill,,0,0,0,0,0,0,0,0,0,0
167,comfort,,0,0,0,0,0,0,0,0,0,0
168,ability,,0,0,0,0,0,0,0,0,0,0
169,complete,,0,0,0,0,0,0,0,0,0,0
170,physical,,0,0,0,0,0,0,0,0,0,0
171,discomfort,,0,0,0,0,0,0,0,0,0,0
172,amazons,,0,0,0,0,0,0,0,0,0,0
173,customer,,0,0,0,0,0,0,0,0,0,0
174,service,,0,0,0,0,0,0,0,0,0,0
175,days,,0,0,0,0,0,0,0,0,0,0
176,hours,,0,0,0,0,0,0,0,0,0,0
177,delivery,,0,0,0,0,0,0,0,0,0,0
178,worth,,0,0,0,0,0,0,0,0,0,0
179,penny,,0,0,0,0,0,0,0,0,0,0
180,pay,,0,0,0,0,0,0,0,0,0,0
181,gives,,0,0,0,0,0,0,0,0,0,0
182,stability,,0,0,0,0,0,0,0,0,0,0
183,cushioning,,0,0,0,0,0,0,0,0,0,0
184,durability,,0,0,0,0,0,0,0,0,0,0
185,happy,,0,0,0,0,0,0,0,0,0,0
186,absolutely,,0,0,0,0,0,0,0,0,0,0
187,superior,,0,0,0,0,0,0,0,0,0,0
188,following,,0,0,0,0,0,0,0,0,0,0
189,reasons,,0,0,0,0,0,0,0,0,0,0
190,width,,0,0,0,0,0,0,0,0,0,0
191,significantly,,0,0,0,0,0,0,0,0,0,0
192,limited,,0,0,0,0,0,0,0,0,0,0
193,flexibility,,0,0,0,0,0,0,0,0,0,0
194,toes,,0,0,0,0,0,0,0,0,0,0
195,point,,0,0,0,0,0,0,0,0,0,0
196,outbr,,0,0,0,0,0,0,0,0,0,0
197,stride,,0,0,0,0,0,0,0,0,0,0
198,neutral,,0,0,0,0,0,0,0,0,0,0
199,cushion,,0,0,0,0,0,0,0,0,0,0
200,level,,0,0,0,0,0,0,0,0,0,0
201,range,,0,0,0,0,0,0,0,0,0,0
202,category,,0,0,0,0,0,0,0,0,0,0
203,weight,,0,0,0,0,0,0,0,0,0,0
204,combination,,0,0,0,0,0,0,0,0,0,0
205,fantastic,,0,0,0,0,0,0,0,0,0,0
206,outstanding,,0,0,0,0,0,0,0,0,0,0
207,appears,,0,0,0,0,0,0,0,0,0,0
208,experienced,,0,0,0,0,0,0,0,0,0,0
209,orthopedic,,0,0,0,0,0,0,0,0,0,0
210,definitely,,0,0,0,0,0,0,0,0,0,0
211,money,,0,0,0,0,0,0,0,0,0,0
212,sole,,0,0,0,0,0,0,0,0,0,0
213,style,,0,0,0,0,0,0,0,0,0,0
214,good,,0,605,741,1346,2,0.971429,0.985294,31.094385,0.039275,0.63369
215,everyday,,0,0,0,0,0,0,0,0,0,0
216,beautiful,,0,0,0,0,0,0,0,0,0,0
217,purchased,,0,0,0,0,0,0,0,0,0,0
218,today,,0,0,0,0,0,0,0,0,0,0
219,heels,,0,0,0,0,0,0,0,0,0,0
220,perfectly,,0,0,0,0,0,0,0,0,0,0
221,slippage,,0,0,0,0,0,0,0,0,0,0
222,soles,,0,0,0,0,0,0,0,0,0,0
223,wonderful,,0,0,0,0,0,0,0,0,0,0
224,toe,,0,0,0,0,0,0,0,0,0,0
225,gave,,0,0,0,0,0,0,0,0,0,0
226,ample,,0,0,0,0,0,0,0,0,0,0
227,room,,0,0,0,0,0,0,0,0,0,0
228,appearance,,0,0,0,0,0,0,0,0,0,0
229,knees,,0,0,0,0,0,0,0,0,0,0
230,perform,,0,0,0,0,0,0,0,0,0,0
231,exercises,,0,0,0,0,0,0,0,0,0,0
232,updated,,0,0,0,0,0,0,0,0,0,0
233,information,,0,0,0,0,0,0,0,0,0,0
234,company,,0,0,0,0,0,0,0,0,0,0
235,sent,,0,0,0,0,0,0,0,0,0,0
236,star,,0,0,0,0,0,0,0,0,0,0
237,grandson,,0,0,0,0,0,0,0,0,0,0
238,person,,0,0,0,0,0,0,0,0,0,0
239,comfortable,,0,680,757,1437,2,0.971429,0.985294,32.634365,0.040335,0.63369
240,theyre,,0,0,0,0,0,0,0,0,0,0
241,stylish,,0,0,0,0,0,0,0,0,0,0
242,deal,,0,0,0,0,0,0,0,0,0,0
243,fake,,0,0,0,0,0,0,0,0,0,0
244,foot,,2,142,111,253,2,0.693878,0.779412,3.646291,0.022398,0.811905
245,want,,0,0,0,0,0,0,0,0,0,0
246,cross,,0,0,0,0,0,0,0,0,0,0
247,training,,0,0,0,0,0,0,0,0,0,0
248,instantly,,0,0,0,0,0,0,0,0,0,0
249,noticed,,0,0,0,0,0,0,0,0,0,0
250,grip,,0,0,0,0,0,0,0,0,0,0
251,gym,,0,0,0,0,0,0,0,0,0,0
252,wearing,,0,0,0,0,0,0,0,0,0,0
253,running,,0,227,107,334,2,0.576271,0.632353,1.157427,0.024811,0.833333
254,leg,,0,0,0,0,0,0,0,0,0,0
255,starting,,0,0,0,0,0,0,0,0,0,0
256,hurt,,0,0,0,0,0,0,0,0,0,0
257,constantly,,0,0,0,0,0,0,0,0,0,0
258,hoping,,0,0,0,0,0,0,0,0,0,0
259,help,,0,0,0,0,0,0,0,0,0,0
260,ive,,0,0,0,0,0,0,0,0,0,0
261,compliments,,0,0,0,0,0,0,0,0,0,0
262,bo,,0,0,0,0,0,0,0,0,0,0
263,second,,0,0,0,0,0,0,0,0,0,0
264,jordans,,0,0,0,0,0,0,0,0,0,0
265,fresh,,0,0,0,0,0,0,0,0,0,0
266,def,,0,0,0,0,0,0,0,0,0,0
267,jersey,,0,0,0,0,0,0,0,0,0,0
268,far,,0,0,0,0,0,0,0,0,0,0
269,snug,,0,0,0,0,0,0,0,0,0,0
270,exact,,0,0,0,0,0,0,0,0,0,0
271,laced,,0,0,0,0,0,0,0,0,0,0
272,strap,,0,0,0,0,0,0,0,0,0,0
273,offer,,0,0,0,0,0,0,0,0,0,0
274,slightly,,0,0,0,0,0,0,0,0,0,0
275,totally,,0,0,0,0,0,0,0,0,0,0
276,sort,,0,0,0,0,0,0,0,0,0,0
277,usually,,0,0,0,0,0,0,0,0,0,0
278,right,,0,0,0,0,0,0,0,0,0,0
279,fly,,0,0,0,0,0,0,0,0,0,0
280,early,,0,0,0,0,0,0,0,0,0,0
281,colorway,,0,0,0,0,0,0,0,0,0,0
282,nicely,,0,0,0,0,0,0,0,0,0,0
283,probably,,0,0,0,0,0,0,0,0,0,0
284,bother,,0,0,0,0,0,0,0,0,0,0
285,pinky,,0,0,0,0,0,0,0,0,0,0
286,usebr,,0,0,0,0,0,0,0,0,0,0
287,lack,,0,0,0,0,0,0,0,0,0,0
288,word,,0,0,0,0,0,0,0,0,0,0
289,hyper,,0,0,0,0,0,0,0,0,0,0
290,teal,,0,0,0,0,0,0,0,0,0,0
291,trainers,,0,0,0,0,0,0,0,0,0,0
292,regret,,0,0,0,0,0,0,0,0,0,0
293,scheme,,0,0,0,0,0,0,0,0,0,0
294,favorites,,0,0,0,0,0,0,0,0,0,0
295,productbr,,0,0,0,0,0,0,0,0,0,0
296,pop,,0,0,0,0,0,0,0,0,0,0
297,arrived,,0,0,0,0,0,0,0,0,0,0
298,seller,,0,0,0,0,0,0,0,0,0,0
299,huge,,0,0,0,0,0,0,0,0,0,0
300,upgrade,,0,0,0,0,0,0,0,0,0,0
301,basketball,,0,0,0,0,0,0,0,0,0,0
302,comfy,,0,0,0,0,0,0,0,0,0,0
303,hard,,0,0,0,0,0,0,0,0,0,0
304,surfaces,,0,0,0,0,0,0,0,0,0,0
305,area,,0,0,0,0,0,0,0,0,0,0
306,everytime,,0,0,0,0,0,0,0,0,0,0
307,play,,0,0,0,0,0,0,0,0,0,0
308,pretty,,0,0,0,0,0,0,0,0,0,0
309,tough,,0,0,0,0,0,0,0,0,0,0
310,tennis,,0,0,0,0,0,0,0,0,0,0
311,used,,0,0,0,0,0,0,0,0,0,0
312,court,,0,0,0,0,0,0,0,0,0,0
313,theyll,,0,0,0,0,0,0,0,0,0,0
314,week,,0,0,0,0,0,0,0,0,0,0
315,looking,,0,0,0,0,0,0,0,0,0,0
316,true,,0,0,0,0,0,0,0,0,0,0
317,life,,0,0,0,0,0,0,0,0,0,0
318,larger,,0,0,0,0,0,0,0,0,0,0
319,normally,,0,0,0,0,0,0,0,0,0,0
320,boy,,0,0,0,0,0,0,0,0,0,0
321,description,,0,0,0,0,0,0,0,0,0,0
322,correct,,0,0,0,0,0,0,0,0,0,0
323,written,,0,0,0,0,0,0,0,0,0,0
324,kid,,0,0,0,0,0,0,0,0,0,0
325,save,,0,0,0,0,0,0,0,0,0,0
326,boxes,,0,0,0,0,0,0,0,0,0,0
327,mail,,0,0,0,0,0,0,0,0,0,0
328,lil,,0,0,0,0,0,0,0,0,0,0
329,comfortably,,0,0,0,0,0,0,0,0,0,0
330,actually,,0,0,0,0,0,0,0,0,0,0
331,numerous,,0,0,0,0,0,0,0,0,0,0
332,par,,0,0,0,0,0,0,0,0,0,0
333,recommend,,0,0,0,0,0,0,0,0,0,0
334,ok,,0,0,0,0,0,0,0,0,0,0
335,year,,0,0,0,0,0,0,0,0,0,0
336,walking,,0,0,0,0,0,0,0,0,0,0
337,long,,0,0,0,0,0,0,0,0,0,0
338,replaced,,0,0,0,0,0,0,0,0,0,0
339,highly,,0,0,0,0,0,0,0,0,0,0
340,recommended,,0,0,0,0,0,0,0,0,0,0
341,end,,0,0,0,0,0,0,0,0,0,0
342,started,,0,0,0,0,0,0,0,0,0,0
343,excelente,,0,0,0,0,0,0,0,0,0,0
344,thicker,,0,0,0,0,0,0,0,0,0,0
345,normal,,0,0,0,0,0,0,0,0,0,0
346,insole,,0,0,0,0,0,0,0,0,0,0
347,slippersbr,,0,0,0,0,0,0,0,0,0,0
348,br,,0,0,0,0,0,0,0,0,0,0
349,sore,,0,0,0,0,0,0,0,0,0,0
350,tired,,0,0,0,0,0,0,0,0,0,0
351,feeling,,0,0,0,0,0,0,0,0,0,0
352,rest,,0,0,0,0,0,0,0,0,0,0
353,airs,,0,0,0,0,0,0,0,0,0,0
354,thinner,,0,0,0,0,0,0,0,0,0,0
355,felt,,0,0,0,0,0,0,0,0,0,0
356,tongue,,0,0,0,0,0,0,0,0,0,0
357,attach,,0,0,0,0,0,0,0,0,0,0
358,tried,,0,0,0,0,0,0,0,0,0,0
359,walked,,0,0,0,0,0,0,0,0,0,0
360,house,,0,0,0,0,0,0,0,0,0,0
361,caused,,0,0,0,0,0,0,0,0,0,0
362,blisters,,0,0,0,0,0,0,0,0,0,0
363,thought,,0,0,0,0,0,0,0,0,0,0
364,went,,0,0,0,0,0,0,0,0,0,0
365,notice,,0,0,0,0,0,0,0,0,0,0
366,dress,,0,0,0,0,0,0,0,0,0,0
367,disappointment,,0,0,0,0,0,0,0,0,0,0
368,husband,,0,0,0,0,0,0,0,0,0,0
369,enjoy,,0,0,0,0,0,0,0,0,0,0
370,forward,,0,0,0,0,0,0,0,0,0,0
371,using,,0,0,0,0,0,0,0,0,0,0
372,daily,,0,0,0,0,0,0,0,0,0,0
373,exercise,,0,0,0,0,0,0,0,0,0,0
374,rating,,0,0,0,0,0,0,0,0,0,0
375,try,,0,0,0,0,0,0,0,0,0,0
376,works,,0,0,0,0,0,0,0,0,0,0
377,says,,0,0,0,0,0,0,0,0,0,0
378,tho,,0,0,0,0,0,0,0,0,0,0
379,quick,,0,0,0,0,0,0,0,0,0,0
380,footwear,,0,0,0,0,0,0,0,0,0,0
381,vibrant,,0,0,0,0,0,0,0,0,0,0
382,value,,0,0,0,0,0,0,0,0,0,0
383,delivered,,0,0,0,0,0,0,0,0,0,0
384,classic,,0,0,0,0,0,0,0,0,0,0
385,wanted,,0,0,0,0,0,0,0,0,0,0
386,colorways,,0,0,0,0,0,0,0,0,0,0
387,didnt,,0,0,0,0,0,0,0,0,0,0
388,sacrifice,,0,0,0,0,0,0,0,0,0,0
389,series,,0,0,0,0,0,0,0,0,0,0
390,amazing,,0,0,0,0,0,0,0,0,0,0
391,solid,,0,0,0,0,0,0,0,0,0,0
392,shorts,,0,0,0,0,0,0,0,0,0,0
393,jeans,,0,0,0,0,0,0,0,0,0,0
394,best,,0,0,0,0,0,0,0,0,0,0
395,minute,,0,0,0,0,0,0,0,0,0,0
396,loved,,0,0,0,0,0,0,0,0,0,0
397,sides,,0,0,0,0,0,0,0,0,0,0
398,luck,,0,0,0,0,0,0,0,0,0,0
399,extremely,,0,0,0,0,0,0,0,0,0,0
400,ended,,0,0,0,0,0,0,0,0,0,0
401,runs,,0,0,0,0,0,0,0,0,0,0
402,beware,,0,0,0,0,0,0,0,0,0,0
403,pleased,,0,0,0,0,0,0,0,0,0,0
404,fashionable,,0,0,0,0,0,0,0,0,0,0
405,maxs,,0,0,0,0,0,0,0,0,0,0
406,workout,,0,0,0,0,0,0,0,0,0,0
407,colour,,0,0,0,0,0,0,0,0,0,0
408,happened,,0,0,0,0,0,0,0,0,0,0
409,price,,0,258,109,367,2,0.618182,0.691176,0.742493,0.018835,0.893382
410,available,,0,0,0,0,0,0,0,0,0,0
411,amazingly,,0,0,0,0,0,0,0,0,0,0
412,excelent,,0,0,0,0,0,0,0,0,0,0
413,men,,0,0,0,0,0,0,0,0,0,0
414,worried,,0,0,0,0,0,0,0,0,0,0
415,wonderfully,,0,0,0,0,0,0,0,0,0,0
416,issues,,0,0,0,0,0,0,0,0,0,0
417,plantar,,0,0,0,0,0,0,0,0,0,0
418,fasciitis,,0,0,0,0,0,0,0,0,0,0
419,damaged,,0,0,0,0,0,0,0,0,0,0
420,confortable,,0,0,0,0,0,0,0,0,0,0
421,bad,,0,0,0,0,0,0,0,0,0,0
422,defect,,0,0,0,0,0,0,0,0,0,0
423,impact,,0,0,0,0,0,0,0,0,0,0
424,premium,,0,0,0,0,0,0,0,0,0,0
425,materials,,0,0,0,0,0,0,0,0,0,0
426,built,,0,0,0,0,0,0,0,0,0,0
427,liner,,0,0,0,0,0,0,0,0,0,0
428,blister,,0,0,0,0,0,0,0,0,0,0
429,causing,,0,0,0,0,0,0,0,0,0,0
430,expect,,0,0,0,0,0,0,0,0,0,0
431,ask,,0,0,0,0,0,0,0,0,0,0
432,arch,,0,0,0,0,0,0,0,0,0,0
433,youd,,0,0,0,0,0,0,0,0,0,0
434,longer,,0,0,0,0,0,0,0,0,0,0
435,eventually,,0,0,0,0,0,0,0,0,0,0
436,feels,,0,0,0,0,0,0,0,0,0,0
437,youre,,0,0,0,0,0,0,0,0,0,0
438,boyfriend,,0,0,0,0,0,0,0,0,0,0
439,boss,,0,0,0,0,0,0,0,0,0,0
440,thrilled,,0,0,0,0,0,0,0,0,0,0
441,goes,,0,0,0,0,0,0,0,0,0,0
442,womans,,0,0,0,0,0,0,0,0,0,0
443,eye,,0,0,0,0,0,0,0,0,0,0
444,fat,,0,0,0,0,0,0,0,0,0,0
445,anytime,,0,0,0,0,0,0,0,0,0,0
446,suggest,,0,0,0,0,0,0,0,0,0,0
447,ðŸ˜,,0,0,0,0,0,0,0,0,0,0
448,pool,,0,0,0,0,0,0,0,0,0,0
449,trying,,0,0,0,0,0,0,0,0,0,0
450,slippers,,0,0,0,0,0,0,0,0,0,0
451,ladies,,0,0,0,0,0,0,0,0,0,0
452,kind,,0,0,0,0,0,0,0,0,0,0
453,work,,0,0,0,0,0,0,0,0,0,0
454,months,,0,0,0,0,0,0,0,0,0,0
455,apart,,0,0,0,0,0,0,0,0,0,0
456,boots,,0,0,0,0,0,0,0,0,0,0
457,goadome,,0,0,0,0,0,0,0,0,0,0
458,twice,,0,0,0,0,0,0,0,0,0,0
459,trips,,0,0,0,0,0,0,0,0,0,0
460,count,,0,0,0,0,0,0,0,0,0,0
461,boot,,0,0,0,0,0,0,0,0,0,0
462,construction,,0,0,0,0,0,0,0,0,0,0
463,sites,,0,0,0,0,0,0,0,0,0,0
464,worn,,0,0,0,0,0,0,0,0,0,0
465,fall,,0,0,0,0,0,0,0,0,0,0
466,concern,,0,0,0,0,0,0,0,0,0,0
467,job,,0,0,0,0,0,0,0,0,0,0
468,site,,0,0,0,0,0,0,0,0,0,0
469,hope,,0,0,0,0,0,0,0,0,0,0
470,telling,,0,0,0,0,0,0,0,0,0,0
471,makes,,0,0,0,0,0,0,0,0,0,0
472,red,,0,0,0,0,0,0,0,0,0,0
473,market,,0,0,0,0,0,0,0,0,0,0
474,key,,0,0,0,0,0,0,0,0,0,0
475,bubble,,0,0,0,0,0,0,0,0,0,0
476,ventilation,,0,0,0,0,0,0,0,0,0,0
477,hot,,0,0,0,0,0,0,0,0,0,0
478,hopefully,,0,0,0,0,0,0,0,0,0,0
479,brand,,0,0,0,0,0,0,0,0,0,0
480,son,,1,217,339,556,2,0.666667,0.75,3.974759,0.026673,0.783333
481,stretched,,0,0,0,0,0,0,0,0,0,0
482,personally,,0,0,0,0,0,0,0,0,0,0
483,acg,,0,0,0,0,0,0,0,0,0,0
484,tech,,0,0,0,0,0,0,0,0,0,0
485,material,,0,0,0,0,0,0,0,0,0,0
486,resistant,,0,0,0,0,0,0,0,0,0,0
487,weather,,0,0,0,0,0,0,0,0,0,0
488,stains,,0,0,0,0,0,0,0,0,0,0
489,spots,,0,0,0,0,0,0,0,0,0,0
490,lasting,,0,0,0,0,0,0,0,0,0,0
491,winter,,0,0,0,0,0,0,0,0,0,0
492,loves,,1,315,134,449,2,0.666667,0.75,5.363748,0.024617,0.723333
493,decided,,0,0,0,0,0,0,0,0,0,0
494,loosen,,0,0,0,0,0,0,0,0,0,0
495,rubbing,,0,0,0,0,0,0,0,0,0,0
496,bone,,0,0,0,0,0,0,0,0,0,0
497,ate,,0,0,0,0,0,0,0,0,0,0
498,kept,,0,0,0,0,0,0,0,0,0,0
499,dry,,0,0,0,0,0,0,0,0,0,0
500,rain,,0,0,0,0,0,0,0,0,0,0
501,ðŸ,,0,0,0,0,0,0,0,0,0,0
502,quality,,0,0,0,0,0,0,0,0,0,0
503,wish,,0,0,0,0,0,0,0,0,0,0
504,creases,,0,0,0,0,0,0,0,0,0,0
505,quickly,,0,0,0,0,0,0,0,0,0,0
506,amazon,,0,0,0,0,0,0,0,0,0,0
507,okay,,0,0,0,0,0,0,0,0,0,0
508,starts,,0,0,0,0,0,0,0,0,0,0
509,rip,,0,0,0,0,0,0,0,0,0,0
510,clear,,0,0,0,0,0,0,0,0,0,0
511,plastic,,0,0,0,0,0,0,0,0,0,0
512,outer,,0,0,0,0,0,0,0,0,0,0
513,hurts,,0,0,0,0,0,0,0,0,0,0
514,mid,,0,0,0,0,0,0,0,0,0,0
515,hour,,0,0,0,0,0,0,0,0,0,0
516,playing,,0,0,0,0,0,0,0,0,0,0
517,ball,,0,0,0,0,0,0,0,0,0,0
518,dunks,,0,0,0,0,0,0,0,0,0,0
519,heard,,0,0,0,0,0,0,0,0,0,0
520,lightweight,,0,0,0,0,0,0,0,0,0,0
521,people,,0,0,0,0,0,0,0,0,0,0
522,achilles,,0,0,0,0,0,0,0,0,0,0
523,tendon,,0,0,0,0,0,0,0,0,0,0
524,making,,0,0,0,0,0,0,0,0,0,0
525,impossible,,0,0,0,0,0,0,0,0,0,0
526,entire,,0,0,0,0,0,0,0,0,0,0
527,games,,0,0,0,0,0,0,0,0,0,0
528,luv,,0,0,0,0,0,0,0,0,0,0
529,sooo,,0,0,0,0,0,0,0,0,0,0
530,short,,0,0,0,0,0,0,0,0,0,0
531,lovely,,0,0,0,0,0,0,0,0,0,0
532,texture,,0,0,0,0,0,0,0,0,0,0
533,surprised,,0,0,0,0,0,0,0,0,0,0
534,wanting,,0,0,0,0,0,0,0,0,0,0
535,finally,,0,0,0,0,0,0,0,0,0,0
536,em,,0,0,0,0,0,0,0,0,0,0
537,exactly,,0,0,0,0,0,0,0,0,0,0
538,crimson,,0,0,0,0,0,0,0,0,0,0
539,pink,,0,0,0,0,0,0,0,0,0,0
540,said,,0,0,0,0,0,0,0,0,0,0
541,wait,,0,0,0,0,0,0,0,0,0,0
542,times,,0,0,0,0,0,0,0,0,0,0
543,junk,,0,0,0,0,0,0,0,0,0,0
544,hands,,0,0,0,0,0,0,0,0,0,0
545,rare,,0,0,0,0,0,0,0,0,0,0
546,simply,,0,0,0,0,0,0,0,0,0,0
547,narrower,,0,0,0,0,0,0,0,0,0,0
548,lots,,0,0,0,0,0,0,0,0,0,0
549,advertised,,0,0,0,0,0,0,0,0,0,0
550,fine,,0,0,0,0,0,0,0,0,0,0
551,odd,,0,0,0,0,0,0,0,0,0,0
552,inside,,0,0,0,0,0,0,0,0,0,0
553,shoebr,,0,0,0,0,0,0,0,0,0,0
554,smell,,0,0,0,0,0,0,0,0,0,0
555,noticeably,,0,0,0,0,0,0,0,0,0,0
556,worse,,0,0,0,0,0,0,0,0,0,0
557,taking,,0,0,0,0,0,0,0,0,0,0
558,spray,,0,0,0,0,0,0,0,0,0,0
559,sell,,0,0,0,0,0,0,0,0,0,0
560,balls,,0,0,0,0,0,0,0,0,0,0
561,leather,,0,0,0,0,0,0,0,0,0,0
562,month,,0,0,0,0,0,0,0,0,0,0
563,later,,0,0,0,0,0,0,0,0,0,0
564,wont,,0,0,0,0,0,0,0,0,0,0
565,wiggle,,0,0,0,0,0,0,0,0,0,0
566,leaving,,0,0,0,0,0,0,0,0,0,0
567,recently,,0,0,0,0,0,0,0,0,0,0
568,fast,,0,0,0,0,0,0,0,0,0,0
569,lift,,0,0,0,0,0,0,0,0,0,0
570,walks,,0,0,0,0,0,0,0,0,0,0
571,black,,0,0,0,0,0,0,0,0,0,0
572,allow,,0,0,0,0,0,0,0,0,0,0
573,ton,,0,0,0,0,0,0,0,0,0,0
574,care,,0,0,0,0,0,0,0,0,0,0
575,stars,,0,0,0,0,0,0,0,0,0,0
576,theses,,0,0,0,0,0,0,0,0,0,0
577,casual,,0,0,0,0,0,0,0,0,0,0
578,shoesi,,0,0,0,0,0,0,0,0,0,0
579,turning,,0,0,0,0,0,0,0,0,0,0
580,heads,,0,0,0,0,0,0,0,0,0,0
581,summer,,0,0,0,0,0,0,0,0,0,0
582,liked,,0,0,0,0,0,0,0,0,0,0
583,darker,,0,0,0,0,0,0,0,0,0,0
584,complaints,,0,0,0,0,0,0,0,0,0,0
585,lunar,,0,0,0,0,0,0,0,0,0,0
586,stands,,0,0,0,0,0,0,0,0,0,0
587,water,,0,0,0,0,0,0,0,0,0,0
588,breathable,,0,0,0,0,0,0,0,0,0,0
589,does,,0,0,0,0,0,0,0,0,0,0
590,sweat,,0,0,0,0,0,0,0,0,0,0
591,problem,,0,0,0,0,0,0,0,0,0,0
592,shock,,0,0,0,0,0,0,0,0,0,0
593,crazy,,0,0,0,0,0,0,0,0,0,0
594,rx,,0,0,0,0,0,0,0,0,0,0
595,comment,,0,0,0,0,0,0,0,0,0,0
596,selling,,0,0,0,0,0,0,0,0,0,0
597,authentic,,0,0,0,0,0,0,0,0,0,0
598,checked,,0,0,0,0,0,0,0,0,0,0
599,stamp,,0,0,0,0,0,0,0,0,0,0
600,sticker,,0,0,0,0,0,0,0,0,0,0
601,model,,0,0,0,0,0,0,0,0,0,0
602,number,,0,0,0,0,0,0,0,0,0,0
603,spot,,0,0,0,0,0,0,0,0,0,0
604,buyers,,0,0,0,0,0,0,0,0,0,0
605,thing,,0,0,0,0,0,0,0,0,0,0
606,swoosh,,0,0,0,0,0,0,0,0,0,0
607,ones,,0,0,0,0,0,0,0,0,0,0
608,soul,,0,0,0,0,0,0,0,0,0,0
609,sells,,0,0,0,0,0,0,0,0,0,0
610,ethics,,0,0,0,0,0,0,0,0,0,0
611,expensive,,0,0,0,0,0,0,0,0,0,0
612,looked,,0,0,0,0,0,0,0,0,0,0
613,shipped,,0,0,0,0,0,0,0,0,0,0
614,earlier,,0,0,0,0,0,0,0,0,0,0
615,review,,0,0,0,0,0,0,0,0,0,0
616,whats,,0,0,0,0,0,0,0,0,0,0
617,heat,,0,0,0,0,0,0,0,0,0,0
618,professional,,0,0,0,0,0,0,0,0,0,0
619,reasonable,,0,0,0,0,0,0,0,0,0,0
620,priced,,0,0,0,0,0,0,0,0,0,0
621,force,,0,0,0,0,0,0,0,0,0,0
622,afford,,0,0,0,0,0,0,0,0,0,0
623,disabled,,0,0,0,0,0,0,0,0,0,0
624,food,,0,0,0,0,0,0,0,0,0,0
625,large,,0,0,0,0,0,0,0,0,0,0
626,match,,0,0,0,0,0,0,0,0,0,0
627,added,,0,0,0,0,0,0,0,0,0,0
628,extra,,0,0,0,0,0,0,0,0,0,0
629,memory,,0,0,0,0,0,0,0,0,0,0
630,foam,,0,0,0,0,0,0,0,0,0,0
631,insert,,0,0,0,0,0,0,0,0,0,0
632,helps,,0,0,0,0,0,0,0,0,0,0
633,reason,,0,0,0,0,0,0,0,0,0,0
634,coming,,0,0,0,0,0,0,0,0,0,0
635,stitch,,0,0,0,0,0,0,0,0,0,0
636,dressed,,0,0,0,0,0,0,0,0,0,0
637,replace,,0,0,0,0,0,0,0,0,0,0
638,stiff,,0,0,0,0,0,0,0,0,0,0
639,legs,,0,0,0,0,0,0,0,0,0,0
640,fair,,0,0,0,0,0,0,0,0,0,0
641,reviews,,0,0,0,0,0,0,0,0,0,0
642,kick,,0,0,0,0,0,0,0,0,0,0
643,china,,0,0,0,0,0,0,0,0,0,0
644,percent,,0,0,0,0,0,0,0,0,0,0
645,orders,,0,0,0,0,0,0,0,0,0,0
646,credit,,0,0,0,0,0,0,0,0,0,0
647,takes,,0,0,0,0,0,0,0,0,0,0
648,pounding,,0,0,0,0,0,0,0,0,0,0
649,active,,0,0,0,0,0,0,0,0,0,0
650,past,,0,0,0,0,0,0,0,0,0,0
651,miles,,0,0,0,0,0,0,0,0,0,0
652,breaking,,0,0,0,0,0,0,0,0,0,0
653,suspect,,0,0,0,0,0,0,0,0,0,0
654,wellbr,,0,0,0,0,0,0,0,0,0,0
655,fathers,,0,0,0,0,0,0,0,0,0,0
656,bueno,,0,0,0,0,0,0,0,0,0,0
657,reading,,0,0,0,0,0,0,0,0,0,0
658,ordering,,0,0,0,0,0,0,0,0,0,0
659,online,,0,0,0,0,0,0,0,0,0,0
660,somewhat,,0,0,0,0,0,0,0,0,0,0
661,closet,,0,0,0,0,0,0,0,0,0,0
662,expectedbr,,0,0,0,0,0,0,0,0,0,0
663,prompt,,0,0,0,0,0,0,0,0,0,0
664,surprisingly,,0,0,0,0,0,0,0,0,0,0
665,reorder,,0,0,0,0,0,0,0,0,0,0
666,sure,,0,0,0,0,0,0,0,0,0,0
667,stock,,0,0,0,0,0,0,0,0,0,0
668,live,,0,0,0,0,0,0,0,0,0,0
669,beast,,0,0,0,0,0,0,0,0,0,0
670,muy,,0,0,0,0,0,0,0,0,0,0
671,bien,,0,0,0,0,0,0,0,0,0,0
672,easy,,0,0,0,0,0,0,0,0,0,0
673,snickers,,0,0,0,0,0,0,0,0,0,0
674,owned,,0,0,0,0,0,0,0,0,0,0
675,easier,,0,0,0,0,0,0,0,0,0,0
676,tell,,0,0,0,0,0,0,0,0,0,0
677,baby,,0,0,0,0,0,0,0,0,0,0
678,blue,,0,0,0,0,0,0,0,0,0,0
679,cause,,0,0,0,0,0,0,0,0,0,0
680,expecting,,0,0,0,0,0,0,0,0,0,0
681,remember,,0,0,0,0,0,0,0,0,0,0
682,pricey,,0,0,0,0,0,0,0,0,0,0
683,couple,,0,0,0,0,0,0,0,0,0,0
684,oh,,0,0,0,0,0,0,0,0,0,0
685,beaten,,0,0,0,0,0,0,0,0,0,0
686,package,,0,0,0,0,0,0,0,0,0,0
687,blood,,0,0,0,0,0,0,0,0,0,0
688,flow,,0,0,0,0,0,0,0,0,0,0
689,breath,,0,0,0,0,0,0,0,0,0,0
690,uncomfortable,,0,0,0,0,0,0,0,0,0,0
691,jr,,0,0,0,0,0,0,0,0,0,0
692,nervous,,0,0,0,0,0,0,0,0,0,0
693,internet,,0,0,0,0,0,0,0,0,0,0
694,retro,,0,0,0,0,0,0,0,0,0,0
695,head,,0,0,0,0,0,0,0,0,0,0
696,turner,,0,0,0,0,0,0,0,0,0,0
697,told,,0,0,0,0,0,0,0,0,0,0
698,bucks,,0,0,0,0,0,0,0,0,0,0
699,let,,0,0,0,0,0,0,0,0,0,0
700,nearly,,0,0,0,0,0,0,0,0,0,0
701,cheap,,0,0,0,0,0,0,0,0,0,0
702,regrets,,0,0,0,0,0,0,0,0,0,0
703,holes,,0,0,0,0,0,0,0,0,0,0
704,rubber,,0,0,0,0,0,0,0,0,0,0
705,experience,,0,0,0,0,0,0,0,0,0,0
706,sturdy,,0,0,0,0,0,0,0,0,0,0
707,doing,,0,0,0,0,0,0,0,0,0,0
708,rounds,,0,0,0,0,0,0,0,0,0,0
709,accurate,,0,0,0,0,0,0,0,0,0,0
710,estimate,,0,0,0,0,0,0,0,0,0,0
711,july,,0,0,0,0,0,0,0,0,0,0
712,thy,,0,0,0,0,0,0,0,0,0,0
713,lucky,,0,0,0,0,0,0,0,0,0,0
714,kids,,0,0,0,0,0,0,0,0,0,0
715,stores,,0,0,0,0,0,0,0,0,0,0
716,hopes,,0,0,0,0,0,0,0,0,0,0
717,beginning,,0,0,0,0,0,0,0,0,0,0
718,school,,0,0,0,0,0,0,0,0,0,0
719,thinking,,0,0,0,0,0,0,0,0,0,0
720,lite,,0,0,0,0,0,0,0,0,0,0
721,styles,,0,0,0,0,0,0,0,0,0,0
722,worked,,0,0,0,0,0,0,0,0,0,0
723,stop,,0,0,0,0,0,0,0,0,0,0
724,disappoint,,0,0,0,0,0,0,0,0,0,0
725,lets,,0,0,0,0,0,0,0,0,0,0
726,attractive,,0,0,0,0,0,0,0,0,0,0
727,sleek,,0,0,0,0,0,0,0,0,0,0
728,sports,,0,0,0,0,0,0,0,0,0,0
729,appropriate,,0,0,0,0,0,0,0,0,0,0
730,grew,,0,0,0,0,0,0,0,0,0,0
731,shorter,,0,0,0,0,0,0,0,0,0,0
732,swell,,0,0,0,0,0,0,0,0,0,0
733,soon,,0,0,0,0,0,0,0,0,0,0
734,ðŸ¯,,0,0,0,0,0,0,0,0,0,0
735,needs,,0,0,0,0,0,0,0,0,0,0
736,asking,,0,0,0,0,0,0,0,0,0,0
737,overall,,0,0,0,0,0,0,0,0,0,0
738,usual,,0,0,0,0,0,0,0,0,0,0
739,slipping,,0,0,0,0,0,0,0,0,0,0
740,hitting,,0,0,0,0,0,0,0,0,0,0
741,gift,,0,0,0,0,0,0,0,0,0,0
742,provide,,0,0,0,0,0,0,0,0,0,0
743,tailwind,,0,0,0,0,0,0,0,0,0,0
744,broke,,0,0,0,0,0,0,0,0,0,0
745,seeing,,0,0,0,0,0,0,0,0,0,0
746,wider,,0,0,0,0,0,0,0,0,0,0
747,wished,,0,0,0,0,0,0,0,0,0,0
748,cm,,0,0,0,0,0,0,0,0,0,0
749,space,,0,0,0,0,0,0,0,0,0,0
750,pointed,,0,0,0,0,0,0,0,0,0,0
751,rounded,,0,0,0,0,0,0,0,0,0,0
752,slight,,0,0,0,0,0,0,0,0,0,0
753,doctor,,0,0,0,0,0,0,0,0,0,0
754,mainly,,0,0,0,0,0,0,0,0,0,0
755,fashion,,0,0,0,0,0,0,0,0,0,0
756,asics,,0,0,0,0,0,0,0,0,0,0
757,gladly,,0,0,0,0,0,0,0,0,0,0
758,ships,,0,0,0,0,0,0,0,0,0,0
759,american,,0,0,0,0,0,0,0,0,0,0
760,products,,0,0,0,0,0,0,0,0,0,0
761,shows,,0,0,0,0,0,0,0,0,0,0
762,words,,0,0,0,0,0,0,0,0,0,0
763,bulky,,0,0,0,0,0,0,0,0,0,0
764,high,,0,0,0,0,0,0,0,0,0,0
765,fix,,0,0,0,0,0,0,0,0,0,0
766,general,,0,0,0,0,0,0,0,0,0,0
767,theres,,0,0,0,0,0,0,0,0,0,0
768,talk,,0,0,0,0,0,0,0,0,0,0
769,feed,,0,0,0,0,0,0,0,0,0,0
770,friend,,0,0,0,0,0,0,0,0,0,0
771,cushioned,,0,0,0,0,0,0,0,0,0,0
772,older,,0,0,0,0,0,0,0,0,0,0
773,relatively,,0,0,0,0,0,0,0,0,0,0
774,durable,,0,0,0,0,0,0,0,0,0,0
775,actual,,0,0,0,0,0,0,0,0,0,0
776,length,,0,0,0,0,0,0,0,0,0,0
777,previous,,0,0,0,0,0,0,0,0,0,0
778,puma,,0,0,0,0,0,0,0,0,0,0
779,require,,0,0,0,0,0,0,0,0,0,0
780,choice,,0,0,0,0,0,0,0,0,0,0
781,runner,,0,0,0,0,0,0,0,0,0,0
782,stretch,,0,0,0,0,0,0,0,0,0,0
783,especially,,0,0,0,0,0,0,0,0,0,0
784,hospital,,0,0,0,0,0,0,0,0,0,0
785,heavier,,0,0,0,0,0,0,0,0,0,0
786,continue,,0,0,0,0,0,0,0,0,0,0
787,working,,0,0,0,0,0,0,0,0,0,0
788,smart,,0,0,0,0,0,0,0,0,0,0
789,present,,0,0,0,0,0,0,0,0,0,0
790,wears,,0,0,0,0,0,0,0,0,0,0
791,clown,,0,0,0,0,0,0,0,0,0,0
792,exchanged,,0,0,0,0,0,0,0,0,0,0
793,inch,,0,0,0,0,0,0,0,0,0,0
794,forgot,,0,0,0,0,0,0,0,0,0,0
795,mention,,0,0,0,0,0,0,0,0,0,0
796,issue,,0,0,0,0,0,0,0,0,0,0
797,likes,,0,0,0,0,0,0,0,0,0,0
798,store,,0,0,0,0,0,0,0,0,0,0
799,green,,0,0,0,0,0,0,0,0,0,0
800,bright,,0,0,0,0,0,0,0,0,0,0
801,legit,,0,0,0,0,0,0,0,0,0,0
802,dope,,0,0,0,0,0,0,0,0,0,0
803,tends,,0,0,0,0,0,0,0,0,0,0
804,roomy,,0,0,0,0,0,0,0,0,0,0
805,enjoying,,0,0,0,0,0,0,0,0,0,0
806,cloud,,0,0,0,0,0,0,0,0,0,0
807,glove,,0,0,0,0,0,0,0,0,0,0
808,tab,,0,0,0,0,0,0,0,0,0,0
809,original,,0,0,0,0,0,0,0,0,0,0
810,sale,,0,0,0,0,0,0,0,0,0,0
811,item,,0,0,0,0,0,0,0,0,0,0
812,fastest,,0,0,0,0,0,0,0,0,0,0
813,jus,,0,0,0,0,0,0,0,0,0,0
814,away,,0,0,0,0,0,0,0,0,0,0
815,compared,,0,0,0,0,0,0,0,0,0,0
816,massage,,0,0,0,0,0,0,0,0,0,0
817,greatbr,,0,0,0,0,0,0,0,0,0,0
818,update,,0,0,0,0,0,0,0,0,0,0
819,weeks,,0,0,0,0,0,0,0,0,0,0
820,blew,,0,0,0,0,0,0,0,0,0,0
821,warranty,,0,0,0,0,0,0,0,0,0,0
822,holds,,0,0,0,0,0,0,0,0,0,0
823,current,,0,0,0,0,0,0,0,0,0,0
824,difference,,0,0,0,0,0,0,0,0,0,0
825,tear,,0,0,0,0,0,0,0,0,0,0
826,fabric,,0,0,0,0,0,0,0,0,0,0
827,gotten,,0,0,0,0,0,0,0,0,0,0
828,alot,,0,0,0,0,0,0,0,0,0,0
829,gymbr,,0,0,0,0,0,0,0,0,0,0
830,noticeable,,0,0,0,0,0,0,0,0,0,0
831,glue,,0,0,0,0,0,0,0,0,0,0
832,mesh,,0,0,0,0,0,0,0,0,0,0
833,yesterday,,0,0,0,0,0,0,0,0,0,0
834,florida,,0,0,0,0,0,0,0,0,0,0
835,lime,,0,0,0,0,0,0,0,0,0,0
836,rocks,,0,0,0,0,0,0,0,0,0,0
837,january,,0,0,0,0,0,0,0,0,0,0
838,disney,,0,0,0,0,0,0,0,0,0,0
839,world,,0,0,0,0,0,0,0,0,0,0
840,negative,,0,0,0,0,0,0,0,0,0,0
841,moment,,0,0,0,0,0,0,0,0,0,0
842,including,,0,0,0,0,0,0,0,0,0,0
843,models,,0,0,0,0,0,0,0,0,0,0
844,fitting,,0,0,0,0,0,0,0,0,0,0
845,body,,0,0,0,0,0,0,0,0,0,0
846,heavy,,0,0,0,0,0,0,0,0,0,0
847,shoesbr,,0,0,0,0,0,0,0,0,0,0
848,described,,0,0,0,0,0,0,0,0,0,0
849,hardly,,0,0,0,0,0,0,0,0,0,0
850,clearly,,0,0,0,0,0,0,0,0,0,0
851,lint,,0,0,0,0,0,0,0,0,0,0
852,tread,,0,0,0,0,0,0,0,0,0,0
853,fact,,0,0,0,0,0,0,0,0,0,0
854,outside,,0,0,0,0,0,0,0,0,0,0
855,bottoms,,0,0,0,0,0,0,0,0,0,0
856,neon,,0,0,0,0,0,0,0,0,0,0
857,father,,0,0,0,0,0,0,0,0,0,0
858,important,,0,0,0,0,0,0,0,0,0,0
859,performance,,0,0,0,0,0,0,0,0,0,0
860,strings,,0,0,0,0,0,0,0,0,0,0
861,grow,,0,0,0,0,0,0,0,0,0,0
862,stand,,0,0,0,0,0,0,0,0,0,0
863,steel,,0,0,0,0,0,0,0,0,0,0
864,silver,,0,0,0,0,0,0,0,0,0,0
865,initially,,0,0,0,0,0,0,0,0,0,0
866,took,,0,0,0,0,0,0,0,0,0,0
867,effort,,0,0,0,0,0,0,0,0,0,0
868,rubs,,0,0,0,0,0,0,0,0,0,0
869,tops,,0,0,0,0,0,0,0,0,0,0
870,period,,0,0,0,0,0,0,0,0,0,0
871,ready,,0,0,0,0,0,0,0,0,0,0
872,firm,,0,0,0,0,0,0,0,0,0,0
873,sock,,0,0,0,0,0,0,0,0,0,0
874,tie,,0,0,0,0,0,0,0,0,0,0
875,quicker,,0,0,0,0,0,0,0,0,0,0
876,hold,,0,0,0,0,0,0,0,0,0,0
877,fitness,,0,0,0,0,0,0,0,0,0,0
878,center,,0,0,0,0,0,0,0,0,0,0
879,cleats,,0,0,0,0,0,0,0,0,0,0
880,played,,0,0,0,0,0,0,0,0,0,0
881,complaining,,0,0,0,0,0,0,0,0,0,0
882,beat,,0,0,0,0,0,0,0,0,0,0
883,grate,,0,0,0,0,0,0,0,0,0,0
884,knew,,0,0,0,0,0,0,0,0,0,0
885,animal,,0,0,0,0,0,0,0,0,0,0
886,website,,0,0,0,0,0,0,0,0,0,0
887,nikecom,,0,0,0,0,0,0,0,0,0,0
888,warmer,,0,0,0,0,0,0,0,0,0,0
889,knit,,0,0,0,0,0,0,0,0,0,0
890,exercising,,0,0,0,0,0,0,0,0,0,0
891,goo,,0,0,0,0,0,0,0,0,0,0
892,specifically,,0,0,0,0,0,0,0,0,0,0
893,clouds,,0,0,0,0,0,0,0,0,0,0
894,beats,,0,0,0,0,0,0,0,0,0,0
895,stating,,0,0,0,0,0,0,0,0,0,0
896,pegasus,,0,0,0,0,0,0,0,0,0,0
897,nimbus,,0,0,0,0,0,0,0,0,0,0
898,brooks,,0,0,0,0,0,0,0,0,0,0
899,closest,,0,0,0,0,0,0,0,0,0,0
900,complaint,,0,0,0,0,0,0,0,0,0,0
901,dang,,0,0,0,0,0,0,0,0,0,0
902,mentioned,,0,0,0,0,0,0,0,0,0,0
903,reflective,,0,0,0,0,0,0,0,0,0,0
904,print,,0,0,0,0,0,0,0,0,0,0
905,isnt,,0,0,0,0,0,0,0,0,0,0
906,pics,,0,0,0,0,0,0,0,0,0,0
907,search,,0,0,0,0,0,0,0,0,0,0
908,bummer,,0,0,0,0,0,0,0,0,0,0
909,pictures,,0,0,0,0,0,0,0,0,0,0
910,indoor,,0,0,0,0,0,0,0,0,0,0
911,track,,0,0,0,0,0,0,0,0,0,0
912,touch,,0,0,0,0,0,0,0,0,0,0
913,realize,,0,0,0,0,0,0,0,0,0,0
914,research,,0,0,0,0,0,0,0,0,0,0
915,wet,,0,0,0,0,0,0,0,0,0,0
916,previously,,0,0,0,0,0,0,0,0,0,0
917,differently,,0,0,0,0,0,0,0,0,0,0
918,rub,,0,0,0,0,0,0,0,0,0,0
919,regular,,0,0,0,0,0,0,0,0,0,0
920,cold,,0,0,0,0,0,0,0,0,0,0
921,stuff,,0,0,0,0,0,0,0,0,0,0
922,proof,,0,0,0,0,0,0,0,0,0,0
923,home,,0,0,0,0,0,0,0,0,0,0
924,line,,0,0,0,0,0,0,0,0,0,0
925,photo,,0,0,0,0,0,0,0,0,0,0
926,rotate,,0,0,0,0,0,0,0,0,0,0
927,forth,,0,0,0,0,0,0,0,0,0,0
928,feetbr,,0,0,0,0,0,0,0,0,0,0
929,type,,0,0,0,0,0,0,0,0,0,0
930,soft,,0,0,0,0,0,0,0,0,0,0
931,ride,,0,0,0,0,0,0,0,0,0,0
932,theme,,0,0,0,0,0,0,0,0,0,0
933,park,,0,0,0,0,0,0,0,0,0,0
934,breathe,,0,0,0,0,0,0,0,0,0,0
935,suede,,0,0,0,0,0,0,0,0,0,0
936,nylon,,0,0,0,0,0,0,0,0,0,0
937,remain,,0,0,0,0,0,0,0,0,0,0
938,typically,,0,0,0,0,0,0,0,0,0,0
939,fan,,0,0,0,0,0,0,0,0,0,0
940,provides,,0,0,0,0,0,0,0,0,0,0
941,practically,,0,0,0,0,0,0,0,0,0,0
942,shown,,0,0,0,0,0,0,0,0,0,0
943,lasted,,0,0,0,0,0,0,0,0,0,0
944,saying,,0,0,0,0,0,0,0,0,0,0
945,simple,,0,0,0,0,0,0,0,0,0,0
946,depending,,0,0,0,0,0,0,0,0,0,0
947,consider,,0,0,0,0,0,0,0,0,0,0
948,dark,,0,0,0,0,0,0,0,0,0,0
949,discovered,,0,0,0,0,0,0,0,0,0,0
950,sucks,,0,0,0,0,0,0,0,0,0,0
951,werent,,0,0,0,0,0,0,0,0,0,0
952,close,,0,0,0,0,0,0,0,0,0,0
953,requested,,0,0,0,0,0,0,0,0,0,0
954,expense,,0,0,0,0,0,0,0,0,0,0
955,restocking,,0,0,0,0,0,0,0,0,0,0
956,fee,,0,0,0,0,0,0,0,0,0,0
957,squeak,,0,0,0,0,0,0,0,0,0,0
958,tile,,0,0,0,0,0,0,0,0,0,0
959,floors,,0,0,0,0,0,0,0,0,0,0
960,holding,,0,0,0,0,0,0,0,0,0,0
961,shipment,,0,0,0,0,0,0,0,0,0,0
962,decent,,0,0,0,0,0,0,0,0,0,0
963,currently,,0,0,0,0,0,0,0,0,0,0
964,preferred,,0,0,0,0,0,0,0,0,0,0
965,logged,,0,0,0,0,0,0,0,0,0,0
966,medium,,0,0,0,0,0,0,0,0,0,0
967,distances,,0,0,0,0,0,0,0,0,0,0
968,marathon,,0,0,0,0,0,0,0,0,0,0
969,alternate,,0,0,0,0,0,0,0,0,0,0
970,wearer,,0,0,0,0,0,0,0,0,0,0
971,distance,,0,0,0,0,0,0,0,0,0,0
972,runners,,0,0,0,0,0,0,0,0,0,0
973,discontinued,,0,0,0,0,0,0,0,0,0,0
974,thembr,,0,0,0,0,0,0,0,0,0,0
975,cheaper,,0,0,0,0,0,0,0,0,0,0
976,padded,,0,0,0,0,0,0,0,0,0,0
977,ground,,0,0,0,0,0,0,0,0,0,0
978,vomeros,,0,0,0,0,0,0,0,0,0,0
979,theyve,,0,0,0,0,0,0,0,0,0,0
980,brands,,0,0,0,0,0,0,0,0,0,0
981,padding,,0,0,0,0,0,0,0,0,0,0
982,come,,0,0,0,0,0,0,0,0,0,0
983,squishy,,0,0,0,0,0,0,0,0,0,0
984,numb,,0,0,0,0,0,0,0,0,0,0
985,turns,,0,0,0,0,0,0,0,0,0,0
986,stable,,0,0,0,0,0,0,0,0,0,0
987,pad,,0,0,0,0,0,0,0,0,0,0
988,stay,,0,0,0,0,0,0,0,0,0,0
989,lightest,,0,0,0,0,0,0,0,0,0,0
990,arent,,0,0,0,0,0,0,0,0,0,0
991,coolest,,0,0,0,0,0,0,0,0,0,0
992,round,,0,0,0,0,0,0,0,0,0,0
993,changing,,0,0,0,0,0,0,0,0,0,0
994,according,,0,0,0,0,0,0,0,0,0,0
995,dog,,0,0,0,0,0,0,0,0,0,0
996,town,,0,0,0,0,0,0,0,0,0,0
997,climbing,,0,0,0,0,0,0,0,0,0,0
998,means,,0,0,0,0,0,0,0,0,0,0
999,particularly,,0,0,0,0,0,0,0,0,0,0
1000,throw,,0,0,0,0,0,0,0,0,0,0
1001,wash,,0,0,0,0,0,0,0,0,0,0
1002,straight,,0,0,0,0,0,0,0,0,0,0
1003,pack,,0,0,0,0,0,0,0,0,0,0
1004,mud,,0,0,0,0,0,0,0,0,0,0
1005,basis,,0,0,0,0,0,0,0,0,0,0
1006,assume,,0,0,0,0,0,0,0,0,0,0
1007,approximately,,0,0,0,0,0,0,0,0,0,0
1008,finding,,0,0,0,0,0,0,0,0,0,0
1009,anymore,,0,0,0,0,0,0,0,0,0,0
1010,sit,,0,0,0,0,0,0,0,0,0,0
1011,hits,,0,0,0,0,0,0,0,0,0,0
1012,score,,0,0,0,0,0,0,0,0,0,0
1013,options,,0,0,0,0,0,0,0,0,0,0
1014,enjoyed,,0,0,0,0,0,0,0,0,0,0
1015,jog,,0,0,0,0,0,0,0,0,0,0
1016,difficult,,0,0,0,0,0,0,0,0,0,0
1017,pull,,0,0,0,0,0,0,0,0,0,0
1018,imagine,,0,0,0,0,0,0,0,0,0,0
1019,ways,,0,0,0,0,0,0,0,0,0,0
1020,soften,,0,0,0,0,0,0,0,0,0,0
1021,adjust,,0,0,0,0,0,0,0,0,0,0
1022,lacing,,0,0,0,0,0,0,0,0,0,0
1023,late,,0,0,0,0,0,0,0,0,0,0
1024,outlet,,0,0,0,0,0,0,0,0,0,0
1025,tend,,0,0,0,0,0,0,0,0,0,0
1026,manufactured,,0,0,0,0,0,0,0,0,0,0
1027,vietnam,,0,0,0,0,0,0,0,0,0,0
1028,till,,0,0,0,0,0,0,0,0,0,0
1029,pavement,,0,0,0,0,0,0,0,0,0,0
1030,trails,,0,0,0,0,0,0,0,0,0,0
1031,proven,,0,0,0,0,0,0,0,0,0,0
1032,arthritic,,0,0,0,0,0,0,0,0,0,0
1033,giving,,0,0,0,0,0,0,0,0,0,0
1034,trouble,,0,0,0,0,0,0,0,0,0,0
1035,obviously,,0,0,0,0,0,0,0,0,0,0
1036,helped,,0,0,0,0,0,0,0,0,0,0
1037,admit,,0,0,0,0,0,0,0,0,0,0
1038,progressively,,0,0,0,0,0,0,0,0,0,0
1039,unique,,0,0,0,0,0,0,0,0,0,0
1040,prefer,,0,0,0,0,0,0,0,0,0,0
1041,traditional,,0,0,0,0,0,0,0,0,0,0
1042,switch,,0,0,0,0,0,0,0,0,0,0
1043,power,,0,0,0,0,0,0,0,0,0,0
1044,nurse,,0,0,0,0,0,0,0,0,0,0
1045,quite,,0,0,0,0,0,0,0,0,0,0
1046,mile,,0,0,0,0,0,0,0,0,0,0
1047,spends,,0,0,0,0,0,0,0,0,0,0
1048,double,,0,0,0,0,0,0,0,0,0,0
1049,difficulty,,0,0,0,0,0,0,0,0,0,0
1050,charge,,0,0,0,0,0,0,0,0,0,0
1051,midsole,,0,0,0,0,0,0,0,0,0,0
1052,read,,0,0,0,0,0,0,0,0,0,0
1053,terrific,,0,0,0,0,0,0,0,0,0,0
1054,pick,,0,0,0,0,0,0,0,0,0,0
1055,focus,,0,0,0,0,0,0,0,0,0,0
1056,speed,,0,0,0,0,0,0,0,0,0,0
1057,army,,0,0,0,0,0,0,0,0,0,0
1058,activity,,0,0,0,0,0,0,0,0,0,0
1059,hoped,,0,0,0,0,0,0,0,0,0,0
1060,bring,,0,0,0,0,0,0,0,0,0,0
1061,exellent,,0,0,0,0,0,0,0,0,0,0
1062,outdoor,,0,0,0,0,0,0,0,0,0,0
1063,traction,,0,0,0,0,0,0,0,0,0,0
1064,forever,,0,0,0,0,0,0,0,0,0,0
1065,nasty,,0,0,0,0,0,0,0,0,0,0
1066,note,,0,0,0,0,0,0,0,0,0,0
1067,process,,0,0,0,0,0,0,0,0,0,0
1068,smooth,,0,0,0,0,0,0,0,0,0,0
1069,amazoncom,,0,0,0,0,0,0,0,0,0,0
1070,timely,,0,0,0,0,0,0,0,0,0,0
1071,manner,,0,0,0,0,0,0,0,0,0,0
1072,lebrons,,0,0,0,0,0,0,0,0,0,0
1073,kobes,,0,0,0,0,0,0,0,0,0,0
1074,add,,0,0,0,0,0,0,0,0,0,0
1075,collection,,0,0,0,0,0,0,0,0,0,0
1076,course,,0,0,0,0,0,0,0,0,0,0
1077,mean,,0,0,0,0,0,0,0,0,0,0
1078,gotta,,0,0,0,0,0,0,0,0,0,0
1079,sorry,,0,0,0,0,0,0,0,0,0,0
1080,shot,,0,0,0,0,0,0,0,0,0,0
1081,jordan,,0,0,0,0,0,0,0,0,0,0
1082,adidas,,0,0,0,0,0,0,0,0,0,0
1083,matching,,0,0,0,0,0,0,0,0,0,0
1084,shoelaces,,0,0,0,0,0,0,0,0,0,0
1085,cleat,,0,0,0,0,0,0,0,0,0,0
1086,synthetic,,0,0,0,0,0,0,0,0,0,0
1087,spend,,0,0,0,0,0,0,0,0,0,0
1088,outgrow,,0,0,0,0,0,0,0,0,0,0
1089,season,,0,0,0,0,0,0,0,0,0,0
1090,turf,,0,0,0,0,0,0,0,0,0,0
1091,youth,,0,0,0,0,0,0,0,0,0,0
1092,football,,0,0,0,0,0,0,0,0,0,0
1093,tad,,0,0,0,0,0,0,0,0,0,0
1094,asap,,0,0,0,0,0,0,0,0,0,0
1095,flawless,,0,0,0,0,0,0,0,0,0,0
1096,seen,,0,0,0,0,0,0,0,0,0,0
1097,rock,,0,0,0,0,0,0,0,0,0,0
1098,shoot,,0,0,0,0,0,0,0,0,0,0
1099,shift,,0,0,0,0,0,0,0,0,0,0
1100,jumped,,0,0,0,0,0,0,0,0,0,0
1101,drop,,0,0,0,0,0,0,0,0,0,0
1102,grey,,0,0,0,0,0,0,0,0,0,0
1103,nephew,,0,0,0,0,0,0,0,0,0,0
1104,clothing,,0,0,0,0,0,0,0,0,0,0
1105,edges,,0,0,0,0,0,0,0,0,0,0
1106,cup,,0,0,0,0,0,0,0,0,0,0
1107,patent,,0,0,0,0,0,0,0,0,0,0
1108,mom,,0,0,0,0,0,0,0,0,0,0
1109,obsessed,,0,0,0,0,0,0,0,0,0,0
1110,lookin,,0,0,0,0,0,0,0,0,0,0
1111,meant,,0,0,0,0,0,0,0,0,0,0
1112,tiny,,0,0,0,0,0,0,0,0,0,0
1113,prevent,,0,0,0,0,0,0,0,0,0,0
1114,sliding,,0,0,0,0,0,0,0,0,0,0
1115,skinny,,0,0,0,0,0,0,0,0,0,0
1116,standing,,0,0,0,0,0,0,0,0,0,0
1117,wedge,,0,0,0,0,0,0,0,0,0,0
1118,sky,,0,0,0,0,0,0,0,0,0,0
1119,gets,,0,0,0,0,0,0,0,0,0,0
1120,anyways,,0,0,0,0,0,0,0,0,0,0
1121,sexy,,0,0,0,0,0,0,0,0,0,0
1122,faster,,0,0,0,0,0,0,0,0,0,0
1123,happier,,0,0,0,0,0,0,0,0,0,0
1124,choose,,0,0,0,0,0,0,0,0,0,0
1125,sold,,0,0,0,0,0,0,0,0,0,0
1126,flashy,,0,0,0,0,0,0,0,0,0,0
1127,gorgeous,,0,0,0,0,0,0,0,0,0,0
1128,pinch,,0,0,0,0,0,0,0,0,0,0
1129,straps,,0,0,0,0,0,0,0,0,0,0
1130,details,,0,0,0,0,0,0,0,0,0,0
1131,ridiculously,,0,0,0,0,0,0,0,0,0,0
1132,case,,0,0,0,0,0,0,0,0,0,0
1133,particular,,0,0,0,0,0,0,0,0,0,0
1134,wouldve,,0,0,0,0,0,0,0,0,0,0
1135,sunday,,0,0,0,0,0,0,0,0,0,0
1136,night,,0,0,0,0,0,0,0,0,0,0
1137,tuesday,,0,0,0,0,0,0,0,0,0,0
1138,morning,,0,0,0,0,0,0,0,0,0,0
1139,business,,0,0,0,0,0,0,0,0,0,0
1140,club,,0,0,0,0,0,0,0,0,0,0
1141,given,,0,0,0,0,0,0,0,0,0,0
1142,included,,0,0,0,0,0,0,0,0,0,0
1143,stopped,,0,0,0,0,0,0,0,0,0,0
1144,bc,,0,0,0,0,0,0,0,0,0,0
1145,article,,0,0,0,0,0,0,0,0,0,0
1146,flatter,,0,0,0,0,0,0,0,0,0,0
1147,shape,,0,0,0,0,0,0,0,0,0,0
1148,athletic,,0,0,0,0,0,0,0,0,0,0
1149,reduce,,0,0,0,0,0,0,0,0,0,0
1150,gone,,0,0,0,0,0,0,0,0,0,0
1151,separated,,0,0,0,0,0,0,0,0,0,0
1152,bf,,0,0,0,0,0,0,0,0,0,0
1153,place,,0,0,0,0,0,0,0,0,0,0
1154,dude,,0,0,0,0,0,0,0,0,0,0
1155,wants,,0,0,0,0,0,0,0,0,0,0
1156,golf,,0,0,0,0,0,0,0,0,0,0
1157,beginner,,0,0,0,0,0,0,0,0,0,0
1158,supportive,,0,0,0,0,0,0,0,0,0,0
1159,brilliant,,0,0,0,0,0,0,0,0,0,0
1160,greatest,,0,0,0,0,0,0,0,0,0,0
1161,addition,,0,0,0,0,0,0,0,0,0,0
1162,practice,,0,0,0,0,0,0,0,0,0,0
1163,state,,0,0,0,0,0,0,0,0,0,0
1164,indicated,,0,0,0,0,0,0,0,0,0,0
1165,title,,0,0,0,0,0,0,0,0,0,0
1166,sitting,,0,0,0,0,0,0,0,0,0,0
1167,conditions,,0,0,0,0,0,0,0,0,0,0
1168,trainer,,0,0,0,0,0,0,0,0,0,0
1169,truly,,0,0,0,0,0,0,0,0,0,0
1170,younger,,0,0,0,0,0,0,0,0,0,0
1171,originals,,0,0,0,0,0,0,0,0,0,0
1172,typical,,0,0,0,0,0,0,0,0,0,0
1173,turn,,0,0,0,0,0,0,0,0,0,0
1174,tax,,0,0,0,0,0,0,0,0,0,0
1175,guys,,0,0,0,0,0,0,0,0,0,0
1176,finger,,0,0,0,0,0,0,0,0,0,0
1177,yall,,0,0,0,0,0,0,0,0,0,0
1178,huraches,,0,0,0,0,0,0,0,0,0,0
1179,pic,,0,0,0,0,0,0,0,0,0,0
1180,cracked,,0,0,0,0,0,0,0,0,0,0
1181,shoei,,0,0,0,0,0,0,0,0,0,0
1182,loving,,0,0,0,0,0,0,0,0,0,0
1183,dad,,0,0,0,0,0,0,0,0,0,0
1184,retros,,0,0,0,0,0,0,0,0,0,0
1185,missing,,0,0,0,0,0,0,0,0,0,0
1186,called,,0,0,0,0,0,0,0,0,0,0
1187,free,,0,0,0,0,0,0,0,0,0,0
1188,condition,,0,0,0,0,0,0,0,0,0,0
1189,stupid,,0,0,0,0,0,0,0,0,0,0
1190,kinda,,0,0,0,0,0,0,0,0,0,0
1191,string,,0,0,0,0,0,0,0,0,0,0
1192,ship,,0,0,0,0,0,0,0,0,0,0
1193,ugly,,0,0,0,0,0,0,0,0,0,0
1194,ur,,0,0,0,0,0,0,0,0,0,0
1195,opposed,,0,0,0,0,0,0,0,0,0,0
1196,suggested,,0,0,0,0,0,0,0,0,0,0
1197,mangled,,0,0,0,0,0,0,0,0,0,0
1198,stretches,,0,0,0,0,0,0,0,0,0,0
1199,cut,,0,0,0,0,0,0,0,0,0,0
1200,piece,,0,0,0,0,0,0,0,0,0,0
1201,cardboard,,0,0,0,0,0,0,0,0,0,0
1202,insoles,,0,0,0,0,0,0,0,0,0,0
1203,hurting,,0,0,0,0,0,0,0,0,0,0
1204,factor,,0,0,0,0,0,0,0,0,0,0
1205,wondering,,0,0,0,0,0,0,0,0,0,0
1206,hate,,0,0,0,0,0,0,0,0,0,0
1207,bargain,,0,0,0,0,0,0,0,0,0,0
1208,speedy,,0,0,0,0,0,0,0,0,0,0
1209,slipped,,0,0,0,0,0,0,0,0,0,0
1210,searching,,0,0,0,0,0,0,0,0,0,0
1211,posted,,0,0,0,0,0,0,0,0,0,0
1212,change,,0,0,0,0,0,0,0,0,0,0
1213,classy,,0,0,0,0,0,0,0,0,0,0
1214,thatbr,,0,0,0,0,0,0,0,0,0,0
1215,shop,,0,0,0,0,0,0,0,0,0,0
1216,age,,0,0,0,0,0,0,0,0,0,0
1217,aware,,0,0,0,0,0,0,0,0,0,0
1218,outfits,,0,0,0,0,0,0,0,0,0,0
1219,flex,,0,0,0,0,0,0,0,0,0,0
1220,ankles,,0,0,0,0,0,0,0,0,0,0
1221,basic,,0,0,0,0,0,0,0,0,0,0
1222,replacement,,0,0,0,0,0,0,0,0,0,0
1223,tongues,,0,0,0,0,0,0,0,0,0,0
1224,supposed,,0,0,0,0,0,0,0,0,0,0
1225,broken,,0,0,0,0,0,0,0,0,0,0
1226,based,,0,0,0,0,0,0,0,0,0,0
1227,dr,,0,0,0,0,0,0,0,0,0,0
1228,scholls,,0,0,0,0,0,0,0,0,0,0
1229,halfsize,,0,0,0,0,0,0,0,0,0,0
1230,confort,,0,0,0,0,0,0,0,0,0,0
1231,periods,,0,0,0,0,0,0,0,0,0,0
1232,saucony,,0,0,0,0,0,0,0,0,0,0
1233,mind,,0,0,0,0,0,0,0,0,0,0
1234,grab,,0,0,0,0,0,0,0,0,0,0
1235,gonna,,0,0,0,0,0,0,0,0,0,0
1236,questions,,0,0,0,0,0,0,0,0,0,0
1237,wouldnt,,0,0,0,0,0,0,0,0,0,0
1238,blown,,0,0,0,0,0,0,0,0,0,0
1239,russian,,0,0,0,0,0,0,0,0,0,0
1240,male,,0,0,0,0,0,0,0,0,0,0
1241,proud,,0,0,0,0,0,0,0,0,0,0
1242,driving,,0,0,0,0,0,0,0,0,0,0
1243,barely,,0,0,0,0,0,0,0,0,0,0
1244,squeaks,,0,0,0,0,0,0,0,0,0,0
1245,car,,0,0,0,0,0,0,0,0,0,0
1246,grand,,0,0,0,0,0,0,0,0,0,0
1247,immediately,,0,0,0,0,0,0,0,0,0,0
1248,changed,,0,0,0,0,0,0,0,0,0,0
1249,sleep,,0,0,0,0,0,0,0,0,0,0
1250,garage,,0,0,0,0,0,0,0,0,0,0
1251,street,,0,0,0,0,0,0,0,0,0,0
1252,fun,,0,0,0,0,0,0,0,0,0,0
1253,digging,,0,0,0,0,0,0,0,0,0,0
1254,marked,,0,0,0,0,0,0,0,0,0,0
1255,unlike,,0,0,0,0,0,0,0,0,0,0
1256,poor,,0,0,0,0,0,0,0,0,0,0
1257,hell,,0,0,0,0,0,0,0,0,0,0
1258,joy,,0,0,0,0,0,0,0,0,0,0
1259,hes,,0,0,0,0,0,0,0,0,0,0
1260,yay,,0,0,0,0,0,0,0,0,0,0
1261,guy,,0,0,0,0,0,0,0,0,0,0
1262,saved,,0,0,0,0,0,0,0,0,0,0
1263,women,,0,0,0,0,0,0,0,0,0,0
1264,recent,,0,0,0,0,0,0,0,0,0,0
1265,complains,,0,0,0,0,0,0,0,0,0,0
1266,swift,,0,0,0,0,0,0,0,0,0,0
1267,children,,0,0,0,0,0,0,0,0,0,0
1268,realized,,0,0,0,0,0,0,0,0,0,0
1269,chose,,0,0,0,0,0,0,0,0,0,0
1270,streets,,0,0,0,0,0,0,0,0,0,0
1271,torn,,0,0,0,0,0,0,0,0,0,0
1272,clothes,,0,0,0,0,0,0,0,0,0,0
1273,things,,0,0,0,0,0,0,0,0,0,0
1274,mouth,,0,0,0,0,0,0,0,0,0,0
1275,boys,,0,0,0,0,0,0,0,0,0,0
1276,wow,,0,0,0,0,0,0,0,0,0,0
1277,anticipated,,0,0,0,0,0,0,0,0,0,0
1278,equipment,,0,0,0,0,0,0,0,0,0,0
1279,catch,,0,0,0,0,0,0,0,0,0,0
1280,peoples,,0,0,0,0,0,0,0,0,0,0
1281,eyes,,0,0,0,0,0,0,0,0,0,0
1282,elite,,0,0,0,0,0,0,0,0,0,0
1283,instead,,0,0,0,0,0,0,0,0,0,0
1284,pulling,,0,0,0,0,0,0,0,0,0,0
1285,sign,,0,0,0,0,0,0,0,0,0,0
1286,velcro,,0,0,0,0,0,0,0,0,0,0
1287,waiting,,0,0,0,0,0,0,0,0,0,0
1288,conform,,0,0,0,0,0,0,0,0,0,0
1289,flat,,0,0,0,0,0,0,0,0,0,0
1290,supportbr,,0,0,0,0,0,0,0,0,0,0
1291,lighter,,0,0,0,0,0,0,0,0,0,0
1292,workouts,,0,0,0,0,0,0,0,0,0,0
1293,scratches,,0,0,0,0,0,0,0,0,0,0
1294,easily,,0,0,0,0,0,0,0,0,0,0
1295,excited,,0,0,0,0,0,0,0,0,0,0
1296,open,,0,0,0,0,0,0,0,0,0,0
1297,wrong,,0,0,0,0,0,0,0,0,0,0
1298,attention,,0,0,0,0,0,0,0,0,0,0
1299,gel,,0,0,0,0,0,0,0,0,0,0
1300,inserts,,0,0,0,0,0,0,0,0,0,0
1301,therapist,,0,0,0,0,0,0,0,0,0,0
1302,office,,0,0,0,0,0,0,0,0,0,0
1303,girls,,0,0,0,0,0,0,0,0,0,0
1304,putting,,0,0,0,0,0,0,0,0,0,0
1305,pressure,,0,0,0,0,0,0,0,0,0,0
1306,fabulous,,0,0,0,0,0,0,0,0,0,0
1307,comments,,0,0,0,0,0,0,0,0,0,0
1308,plan,,0,0,0,0,0,0,0,0,0,0
1309,kitchen,,0,0,0,0,0,0,0,0,0,0
1310,toddler,,0,0,0,0,0,0,0,0,0,0
1311,girlfriend,,0,0,0,0,0,0,0,0,0,0
1312,consistently,,0,0,0,0,0,0,0,0,0,0
1313,shes,,0,0,0,0,0,0,0,0,0,0
1314,incredibly,,0,0,0,0,0,0,0,0,0,0
1315,certainly,,0,0,0,0,0,0,0,0,0,0
1316,zoom,,0,0,0,0,0,0,0,0,0,0
1317,specific,,0,0,0,0,0,0,0,0,0,0
1318,dicks,,0,0,0,0,0,0,0,0,0,0
1319,sporting,,0,0,0,0,0,0,0,0,0,0
1320,goods,,0,0,0,0,0,0,0,0,0,0
1321,colored,,0,0,0,0,0,0,0,0,0,0
1322,marathons,,0,0,0,0,0,0,0,0,0,0
1323,adrenaline,,0,0,0,0,0,0,0,0,0,0
1324,followed,,0,0,0,0,0,0,0,0,0,0
1325,glide,,0,0,0,0,0,0,0,0,0,0
1326,structure,,0,0,0,0,0,0,0,0,0,0
1327,neuroma,,0,0,0,0,0,0,0,0,0,0
1328,popular,,0,0,0,0,0,0,0,0,0,0
1329,forgiving,,0,0,0,0,0,0,0,0,0,0
1330,lbs,,0,0,0,0,0,0,0,0,0,0
1331,pronate,,0,0,0,0,0,0,0,0,0,0
1332,designed,,0,0,0,0,0,0,0,0,0,0
1333,taken,,0,0,0,0,0,0,0,0,0,0
1334,concrete,,0,0,0,0,0,0,0,0,0,0
1335,ideal,,0,0,0,0,0,0,0,0,0,0
1336,sport,,0,0,0,0,0,0,0,0,0,0
1337,arches,,0,0,0,0,0,0,0,0,0,0
1338,properly,,0,0,0,0,0,0,0,0,0,0
1339,estimated,,0,0,0,0,0,0,0,0,0,0
1340,throwback,,0,0,0,0,0,0,0,0,0,0
1341,gold,,0,0,0,0,0,0,0,0,0,0
1342,scuff,,0,0,0,0,0,0,0,0,0,0
1343,step,,0,0,0,0,0,0,0,0,0,0
1344,generally,,0,0,0,0,0,0,0,0,0,0
1345,additional,,0,0,0,0,0,0,0,0,0,0
1346,vomero,,0,0,0,0,0,0,0,0,0,0
1347,flexible,,0,0,0,0,0,0,0,0,0,0
1348,rigid,,0,0,0,0,0,0,0,0,0,0
1349,handful,,0,0,0,0,0,0,0,0,0,0
1350,impression,,0,0,0,0,0,0,0,0,0,0
1351,portion,,0,0,0,0,0,0,0,0,0,0
1352,guess,,0,0,0,0,0,0,0,0,0,0
1353,set,,0,0,0,0,0,0,0,0,0,0
1354,start,,0,0,0,0,0,0,0,0,0,0
1355,mold,,0,0,0,0,0,0,0,0,0,0
1356,elegant,,0,0,0,0,0,0,0,0,0,0
1357,minimum,,0,0,0,0,0,0,0,0,0,0
1358,improved,,0,0,0,0,0,0,0,0,0,0
1359,plenty,,0,0,0,0,0,0,0,0,0,0
1360,unfortunately,,0,0,0,0,0,0,0,0,0,0
1361,hassle,,0,0,0,0,0,0,0,0,0,0
1362,sharp,,0,0,0,0,0,0,0,0,0,0
1363,mall,,0,0,0,0,0,0,0,0,0,0
1364,decade,,0,0,0,0,0,0,0,0,0,0
1365,missed,,0,0,0,0,0,0,0,0,0,0
1366,cuz,,0,0,0,0,0,0,0,0,0,0
1367,saw,,0,0,0,0,0,0,0,0,0,0
1368,dollars,,0,0,0,0,0,0,0,0,0,0
1369,doubt,,0,0,0,0,0,0,0,0,0,0
1370,brother,,0,0,0,0,0,0,0,0,0,0
1371,field,,0,0,0,0,0,0,0,0,0,0
1372,child,,0,0,0,0,0,0,0,0,0,0
1373,ensure,,0,0,0,0,0,0,0,0,0,0
1374,growing,,0,0,0,0,0,0,0,0,0,0
1375,smallbr,,0,0,0,0,0,0,0,0,0,0
1376,contacted,,0,0,0,0,0,0,0,0,0,0
1377,prosbr,,0,0,0,0,0,0,0,0,0,0
1378,unbelievably,,0,0,0,0,0,0,0,0,0,0
1379,consbr,,0,0,0,0,0,0,0,0,0,0
1380,sizing,,0,0,0,0,0,0,0,0,0,0
1381,aaa,,0,0,0,0,0,0,0,0,0,0
1382,elastic,,0,0,0,0,0,0,0,0,0,0
1383,angle,,0,0,0,0,0,0,0,0,0,0
1384,awful,,0,0,0,0,0,0,0,0,0,0
1385,granddaughter,,0,0,0,0,0,0,0,0,0,0
1386,pictured,,0,0,0,0,0,0,0,0,0,0
1387,matches,,0,0,0,0,0,0,0,0,0,0
1388,growth,,0,0,0,0,0,0,0,0,0,0
1389,sized,,0,0,0,0,0,0,0,0,0,0
1390,uses,,0,0,0,0,0,0,0,0,0,0
1391,neat,,0,0,0,0,0,0,0,0,0,0
1392,awhile,,0,0,0,0,0,0,0,0,0,0
1393,fyi,,0,0,0,0,0,0,0,0,0,0
1394,purpose,,0,0,0,0,0,0,0,0,0,0
1395,sandals,,0,0,0,0,0,0,0,0,0,0
1396,sons,,0,0,0,0,0,0,0,0,0,0
1397,spring,,0,0,0,0,0,0,0,0,0,0
1398,sandal,,0,0,0,0,0,0,0,0,0,0
1399,stays,,0,0,0,0,0,0,0,0,0,0
1400,disneyland,,0,0,0,0,0,0,0,0,0,0
1401,hand,,0,0,0,0,0,0,0,0,0,0
1402,threw,,0,0,0,0,0,0,0,0,0,0
1403,adjustable,,0,0,0,0,0,0,0,0,0,0
1404,uniform,,0,0,0,0,0,0,0,0,0,0
1405,balance,,0,0,0,0,0,0,0,0,0,0
1406,grateful,,0,0,0,0,0,0,0,0,0,0
1407,usa,,0,0,0,0,0,0,0,0,0,0
1408,foamposites,,0,0,0,0,0,0,0,0,0,0
1409,changes,,0,0,0,0,0,0,0,0,0,0
1410,notch,,0,0,0,0,0,0,0,0,0,0
1411,id,,0,0,0,0,0,0,0,0,0,0
1412,againbr,,0,0,0,0,0,0,0,0,0,0
1413,footed,,0,0,0,0,0,0,0,0,0,0
1414,sellers,,0,0,0,0,0,0,0,0,0,0
1415,slides,,0,0,0,0,0,0,0,0,0,0
1416,believe,,0,0,0,0,0,0,0,0,0,0
1417,friday,,0,0,0,0,0,0,0,0,0,0
1418,slip,,0,0,0,0,0,0,0,0,0,0
1419,flip,,0,0,0,0,0,0,0,0,0,0
1420,flops,,0,0,0,0,0,0,0,0,0,0
1421,regardless,,0,0,0,0,0,0,0,0,0,0
1422,begun,,0,0,0,0,0,0,0,0,0,0
1423,fault,,0,0,0,0,0,0,0,0,0,0
1424,explain,,0,0,0,0,0,0,0,0,0,0
1425,trip,,0,0,0,0,0,0,0,0,0,0
1426,retailer,,0,0,0,0,0,0,0,0,0,0
1427,prime,,0,0,0,0,0,0,0,0,0,0
1428,hadnt,,0,0,0,0,0,0,0,0,0,0
1429,slipper,,0,0,0,0,0,0,0,0,0,0
1430,tags,,0,0,0,0,0,0,0,0,0,0
1431,lasts,,0,0,0,0,0,0,0,0,0,0
1432,garbage,,0,0,0,0,0,0,0,0,0,0
1433,poorly,,0,0,0,0,0,0,0,0,0,0
1434,shower,,0,0,0,0,0,0,0,0,0,0
1435,fairly,,0,0,0,0,0,0,0,0,0,0
1436,consistent,,0,0,0,0,0,0,0,0,0,0
1437,slide,,0,0,0,0,0,0,0,0,0,0
1438,stretcher,,0,0,0,0,0,0,0,0,0,0
1439,appear,,0,0,0,0,0,0,0,0,0,0
1440,send,,0,0,0,0,0,0,0,0,0,0
1441,anybody,,0,0,0,0,0,0,0,0,0,0
1442,yard,,0,0,0,0,0,0,0,0,0,0
1443,flop,,0,0,0,0,0,0,0,0,0,0
1444,pushed,,0,0,0,0,0,0,0,0,0,0
1445,absolute,,0,0,0,0,0,0,0,0,0,0
1446,lost,,0,0,0,0,0,0,0,0,0,0
1447,upset,,0,0,0,0,0,0,0,0,0,0
1448,thickness,,0,0,0,0,0,0,0,0,0,0
1449,hang,,0,0,0,0,0,0,0,0,0,0
1450,suck,,0,0,0,0,0,0,0,0,0,0
1451,shrank,,0,0,0,0,0,0,0,0,0,0
1452,sun,,0,0,0,0,0,0,0,0,0,0
1453,apparently,,0,0,0,0,0,0,0,0,0,0
1454,beach,,0,0,0,0,0,0,0,0,0,0
1455,desired,,0,0,0,0,0,0,0,0,0,0
1456,secure,,0,0,0,0,0,0,0,0,0,0
1457,footbed,,0,0,0,0,0,0,0,0,0,0
1458,met,,0,0,0,0,0,0,0,0,0,0
1459,keeps,,0,0,0,0,0,0,0,0,0,0
1460,struggle,,0,0,0,0,0,0,0,0,0,0
1461,forefoot,,0,0,0,0,0,0,0,0,0,0
1462,wise,,0,0,0,0,0,0,0,0,0,0
1463,hubby,,0,0,0,0,0,0,0,0,0,0
1464,sliders,,0,0,0,0,0,0,0,0,0,0
1465,cushiony,,0,0,0,0,0,0,0,0,0,0
1466,daughters,,0,0,0,0,0,0,0,0,0,0
1467,sideways,,0,0,0,0,0,0,0,0,0,0
1468,steps,,0,0,0,0,0,0,0,0,0,0
1469,happens,,0,0,0,0,0,0,0,0,0,0
1470,fakes,,0,0,0,0,0,0,0,0,0,0
1471,family,,0,0,0,0,0,0,0,0,0,0
1472,defective,,0,0,0,0,0,0,0,0,0,0
1473,mistake,,0,0,0,0,0,0,0,0,0,0
1474,friends,,0,0,0,0,0,0,0,0,0,0
1475,offered,,0,0,0,0,0,0,0,0,0,0
1476,falling,,0,0,0,0,0,0,0,0,0,0
1477,exelente,,0,0,0,0,0,0,0,0,0,0
1478,baseball,,0,0,0,0,0,0,0,0,0,0
1479,overpriced,,0,0,0,0,0,0,0,0,0,0
1480,bang,,0,0,0,0,0,0,0,0,0,0
1481,buck,,0,0,0,0,0,0,0,0,0,0
1482,tore,,0,0,0,0,0,0,0,0,0,0
1483,theyd,,0,0,0,0,0,0,0,0,0,0
1484,molded,,0,0,0,0,0,0,0,0,0,0
1485,volleyball,,0,0,0,0,0,0,0,0,0,0
1486,allowed,,0,0,0,0,0,0,0,0,0,0
1487,retail,,0,0,0,0,0,0,0,0,0,0
1488,band,,0,0,0,0,0,0,0,0,0,0
1489,slippery,,0,0,0,0,0,0,0,0,0,0
1490,cheaply,,0,0,0,0,0,0,0,0,0,0
1491,bag,,0,0,0,0,0,0,0,0,0,0
1492,logo,,0,0,0,0,0,0,0,0,0,0
1493,duty,,0,0,0,0,0,0,0,0,0,0
1494,weekends,,0,0,0,0,0,0,0,0,0,0
1495,damn,,0,0,0,0,0,0,0,0,0,0
1496,stolen,,0,0,0,0,0,0,0,0,0,0
1497,scratch,,0,0,0,0,0,0,0,0,0,0
1498,horrible,,0,0,0,0,0,0,0,0,0,0
1499,skin,,0,0,0,0,0,0,0,0,0,0
1500,stretching,,0,0,0,0,0,0,0,0,0,0
1501,cushy,,0,0,0,0,0,0,0,0,0,0
1502,bball,,0,0,0,0,0,0,0,0,0,0
1503,asked,,0,0,0,0,0,0,0,0,0,0
1504,spent,,0,0,0,0,0,0,0,0,0,0
1505,date,,0,0,0,0,0,0,0,0,0,0
1506,sick,,0,0,0,0,0,0,0,0,0,0
1507,orthotic,,0,0,0,0,0,0,0,0,0,0
1508,worst,,0,0,0,0,0,0,0,0,0,0
1509,childs,,0,0,0,0,0,0,0,0,0,0
1510,explained,,0,0,0,0,0,0,0,0,0,0
1511,niece,,0,0,0,0,0,0,0,0,0,0
1512,christmas,,0,0,0,0,0,0,0,0,0,0
1513,handle,,0,0,0,0,0,0,0,0,0,0
1514,tightness,,0,0,0,0,0,0,0,0,0,0
1515,returns,,0,0,0,0,0,0,0,0,0,0
1516,hiking,,0,0,0,0,0,0,0,0,0,0
1517,strongly,,0,0,0,0,0,0,0,0,0,0
1518,carry,,0,0,0,0,0,0,0,0,0,0
1519,ripped,,0,0,0,0,0,0,0,0,0,0
1520,arrival,,0,0,0,0,0,0,0,0,0,0
1521,ups,,0,0,0,0,0,0,0,0,0,0
1522,rolling,,0,0,0,0,0,0,0,0,0,0
1523,tearing,,0,0,0,0,0,0,0,0,0,0
1524,knock,,0,0,0,0,0,0,0,0,0,0
1525,middle,,0,0,0,0,0,0,0,0,0,0
1526,rubbed,,0,0,0,0,0,0,0,0,0,0
1527,picked,,0,0,0,0,0,0,0,0,0,0
1528,warning,,0,0,0,0,0,0,0,0,0,0
1529,exchange,,0,0,0,0,0,0,0,0,0,0
1530,sending,,0,0,0,0,0,0,0,0,0,0
1531,awsome,,0,0,0,0,0,0,0,0,0,0
1532,matter,,0,0,0,0,0,0,0,0,0,0
1533,young,,0,0,0,0,0,0,0,0,0,0
1534,stitching,,0,0,0,0,0,0,0,0,0,0
1535,disappointing,,0,0,0,0,0,0,0,0,0,0
1536,practices,,0,0,0,0,0,0,0,0,0,0
1537,yr,,0,0,0,0,0,0,0,0,0,0
1538,alternatives,,0,0,0,0,0,0,0,0,0,0
1539,lid,,0,0,0,0,0,0,0,0,0,0
1540,appeared,,0,0,0,0,0,0,0,0,0,0
1541,held,,0,0,0,0,0,0,0,0,0,0
1542,paying,,0,0,0,0,0,0,0,0,0,0
1543,fell,,0,0,0,0,0,0,0,0,0,0
1544,wearable,,0,0,0,0,0,0,0,0,0,0
1545,door,,0,0,0,0,0,0,0,0,0,0
1546,complain,,0,0,0,0,0,0,0,0,0,0
1547,noticing,,0,0,0,0,0,0,0,0,0,0
1548,activities,,0,0,0,0,0,0,0,0,0,0
1549,sensitive,,0,0,0,0,0,0,0,0,0,0
1550,girl,,0,0,0,0,0,0,0,0,0,0
1551,hurry,,0,0,0,0,0,0,0,0,0,0
1552,average,,0,0,0,0,0,0,0,0,0,0
1553,muscles,,0,0,0,0,0,0,0,0,0,0
1554,scuffed,,0,0,0,0,0,0,0,0,0,0
1555,extreme,,0,0,0,0,0,0,0,0,0,0
1556,busy,,0,0,0,0,0,0,0,0,0,0
1557,picky,,0,0,0,0,0,0,0,0,0,0
1558,uppers,,0,0,0,0,0,0,0,0,0,0
1559,tied,,0,0,0,0,0,0,0,0,0,0
1560,leave,,0,0,0,0,0,0,0,0,0,0
1561,remove,,0,0,0,0,0,0,0,0,0,0
1562,win,,0,0,0,0,0,0,0,0,0,0
1563,hide,,0,0,0,0,0,0,0,0,0,0
1564,harder,,0,0,0,0,0,0,0,0,0,0
1565,strong,,0,0,0,0,0,0,0,0,0,0
1566,locally,,0,0,0,0,0,0,0,0,0,0
1567,fir,,0,0,0,0,0,0,0,0,0,0
1568,plays,,0,0,0,0,0,0,0,0,0,0
1569,bonus,,0,0,0,0,0,0,0,0,0,0
1570,league,,0,0,0,0,0,0,0,0,0,0
1571,complained,,0,0,0,0,0,0,0,0,0,0
1572,meet,,0,0,0,0,0,0,0,0,0,0
1573,celso,,0,0,0,0,0,0,0,0,0,0
1574,flipflops,,0,0,0,0,0,0,0,0,0,0
1575,neuropathy,,0,0,0,0,0,0,0,0,0,0
1576,effect,,0,0,0,0,0,0,0,0,0,0
1577,shiny,,0,0,0,0,0,0,0,0,0,0
1578,camp,,0,0,0,0,0,0,0,0,0,0
1579,accents,,0,0,0,0,0,0,0,0,0,0
1580,downside,,0,0,0,0,0,0,0,0,0,0
1581,nicei,,0,0,0,0,0,0,0,0,0,0
1582,cortez,,0,0,0,0,0,0,0,0,0,0
1583,shirt,,0,0,0,0,0,0,0,0,0,0
1584,infrared,,0,0,0,0,0,0,0,0,0,0
1585,wellmade,,0,0,0,0,0,0,0,0,0,0
1586,navy,,0,0,0,0,0,0,0,0,0,0
1587,complements,,0,0,0,0,0,0,0,0,0,0
1588,dozen,,0,0,0,0,0,0,0,0,0,0
1589,items,,0,0,0,0,0,0,0,0,0,0
1590,post,,0,0,0,0,0,0,0,0,0,0
1591,minutes,,0,0,0,0,0,0,0,0,0,0
1592,sad,,0,0,0,0,0,0,0,0,0,0
1593,classics,,0,0,0,0,0,0,0,0,0,0
1594,glued,,0,0,0,0,0,0,0,0,0,0
1595,build,,0,0,0,0,0,0,0,0,0,0
1596,monday,,0,0,0,0,0,0,0,0,0,0
1597,success,,0,0,0,0,0,0,0,0,0,0
1598,opened,,0,0,0,0,0,0,0,0,0,0
1599,skate,,0,0,0,0,0,0,0,0,0,0
1600,stylebr,,0,0,0,0,0,0,0,0,0,0
1601,colorful,,0,0,0,0,0,0,0,0,0,0
1602,packaged,,0,0,0,0,0,0,0,0,0,0
1603,nostalgia,,0,0,0,0,0,0,0,0,0,0
1604,road,,0,0,0,0,0,0,0,0,0,0
1605,skating,,0,0,0,0,0,0,0,0,0,0
1606,bunch,,0,0,0,0,0,0,0,0,0,0
1607,timeless,,0,0,0,0,0,0,0,0,0,0
1608,acceptable,,0,0,0,0,0,0,0,0,0,0
1609,checking,,0,0,0,0,0,0,0,0,0,0
1610,frame,,0,0,0,0,0,0,0,0,0,0
1611,fragile,,0,0,0,0,0,0,0,0,0,0
1612,ear,,0,0,0,0,0,0,0,0,0,0
1613,separating,,0,0,0,0,0,0,0,0,0,0
1614,ag,,0,0,0,0,0,0,0,0,0,0
1615,exelent,,0,0,0,0,0,0,0,0,0,0
1616,arrive,,0,0,0,0,0,0,0,0,0,0
1617,hesitant,,0,0,0,0,0,0,0,0,0,0
1618,buenos,,0,0,0,0,0,0,0,0,0,0
1619,errands,,0,0,0,0,0,0,0,0,0,0
1620,pe,,0,0,0,0,0,0,0,0,0,0
1621,expectations,,0,0,0,0,0,0,0,0,0,0
1622,base,,0,0,0,0,0,0,0,0,0,0
1623,slim,,0,0,0,0,0,0,0,0,0,0
1624,lifting,,0,0,0,0,0,0,0,0,0,0
1625,nicer,,0,0,0,0,0,0,0,0,0,0
1626,allows,,0,0,0,0,0,0,0,0,0,0
1627,academy,,0,0,0,0,0,0,0,0,0,0
1628,soccer,,0,0,0,0,0,0,0,0,0,0
1629,example,,0,0,0,0,0,0,0,0,0,0
1630,ruined,,0,0,0,0,0,0,0,0,0,0
1631,dual,,0,0,0,0,0,0,0,0,0,0
1632,jumping,,0,0,0,0,0,0,0,0,0,0
1633,newer,,0,0,0,0,0,0,0,0,0,0
1634,wonder,,0,0,0,0,0,0,0,0,0,0
1635,authority,,0,0,0,0,0,0,0,0,0,0
1636,transaction,,0,0,0,0,0,0,0,0,0,0
1637,perfecto,,0,0,0,0,0,0,0,0,0,0
1638,diabetes,,0,0,0,0,0,0,0,0,0,0
1639,opinion,,0,0,0,0,0,0,0,0,0,0
1640,softer,,0,0,0,0,0,0,0,0,0,0
1641,bends,,0,0,0,0,0,0,0,0,0,0
1642,undone,,0,0,0,0,0,0,0,0,0,0
1643,shortly,,0,0,0,0,0,0,0,0,0,0
1644,cloth,,0,0,0,0,0,0,0,0,0,0
1645,allowing,,0,0,0,0,0,0,0,0,0,0
1646,visible,,0,0,0,0,0,0,0,0,0,0
1647,form,,0,0,0,0,0,0,0,0,0,0
1648,lace,,0,0,0,0,0,0,0,0,0,0
1649,honestly,,0,0,0,0,0,0,0,0,0,0
1650,receiving,,0,0,0,0,0,0,0,0,0,0
1651,needless,,0,0,0,0,0,0,0,0,0,0
1652,purchasing,,0,0,0,0,0,0,0,0,0,0
1653,oldest,,0,0,0,0,0,0,0,0,0,0
1654,loops,,0,0,0,0,0,0,0,0,0,0
1655,fusion,,0,0,0,0,0,0,0,0,0,0
1656,painful,,0,0,0,0,0,0,0,0,0,0
1657,tire,,0,0,0,0,0,0,0,0,0,0
1658,paper,,0,0,0,0,0,0,0,0,0,0
1659,dollar,,0,0,0,0,0,0,0,0,0,0
1660,offers,,0,0,0,0,0,0,0,0,0,0
1661,likely,,0,0,0,0,0,0,0,0,0,0
1662,lower,,0,0,0,0,0,0,0,0,0,0
1663,race,,0,0,0,0,0,0,0,0,0,0
1664,boxbr,,0,0,0,0,0,0,0,0,0,0
1665,similar,,0,0,0,0,0,0,0,0,0,0
1666,crossfit,,0,0,0,0,0,0,0,0,0,0
1667,circulation,,0,0,0,0,0,0,0,0,0,0
1668,weird,,0,0,0,0,0,0,0,0,0,0
1669,threads,,0,0,0,0,0,0,0,0,0,0
1670,completely,,0,0,0,0,0,0,0,0,0,0
1671,trash,,0,0,0,0,0,0,0,0,0,0
1672,hole,,0,0,0,0,0,0,0,0,0,0
1673,multiple,,0,0,0,0,0,0,0,0,0,0
1674,energy,,0,0,0,0,0,0,0,0,0,0
1675,clicking,,0,0,0,0,0,0,0,0,0,0
1676,uncomfortably,,0,0,0,0,0,0,0,0,0,0
1677,royal,,0,0,0,0,0,0,0,0,0,0
1678,dunk,,0,0,0,0,0,0,0,0,0,0
1679,ðŸðŸ,,0,0,0,0,0,0,0,0,0,0
1680,official,,0,0,0,0,0,0,0,0,0,0
1681,option,,0,0,0,0,0,0,0,0,0,0
1682,camo,,0,0,0,0,0,0,0,0,0,0
1683,marks,,0,0,0,0,0,0,0,0,0,0
1684,paint,,0,0,0,0,0,0,0,0,0,0
1685,hed,,0,0,0,0,0,0,0,0,0,0
1686,exception,,0,0,0,0,0,0,0,0,0,0
1687,squeeze,,0,0,0,0,0,0,0,0,0,0
1688,write,,0,0,0,0,0,0,0,0,0,0
1689,pickup,,0,0,0,0,0,0,0,0,0,0
1690,exposed,,0,0,0,0,0,0,0,0,0,0
1691,developed,,0,0,0,0,0,0,0,0,0,0
1692,shoelace,,0,0,0,0,0,0,0,0,0,0
1693,plain,,0,0,0,0,0,0,0,0,0,0
1694,chance,,0,0,0,0,0,0,0,0,0,0
1695,offs,,0,0,0,0,0,0,0,0,0,0
1696,pants,,0,0,0,0,0,0,0,0,0,0
1697,exceeded,,0,0,0,0,0,0,0,0,0,0
1698,roomier,,0,0,0,0,0,0,0,0,0,0
1699,keeping,,0,0,0,0,0,0,0,0,0,0
1700,courts,,0,0,0,0,0,0,0,0,0,0
1701,sooner,,0,0,0,0,0,0,0,0,0,0
1702,personal,,0,0,0,0,0,0,0,0,0,0
1703,adequate,,0,0,0,0,0,0,0,0,0,0
1704,dealer,,0,0,0,0,0,0,0,0,0,0
1705,identical,,0,0,0,0,0,0,0,0,0,0
1706,assumed,,0,0,0,0,0,0,0,0,0,0
1707,metal,,0,0,0,0,0,0,0,0,0,0
1708,face,,0,0,0,0,0,0,0,0,0,0
1709,beautifull,,0,0,0,0,0,0,0,0,0,0
1710,gray,,0,0,0,0,0,0,0,0,0,0
1711,ware,,0,0,0,0,0,0,0,0,0,0
1712,orange,,0,0,0,0,0,0,0,0,0,0
1713,prior,,0,0,0,0,0,0,0,0,0,0
1714,heal,,0,0,0,0,0,0,0,0,0,0
1715,trail,,0,0,0,0,0,0,0,0,0,0
1716,local,,0,0,0,0,0,0,0,0,0,0
1717,concerned,,0,0,0,0,0,0,0,0,0,0
1718,afternoon,,0,0,0,0,0,0,0,0,0,0
1719,god,,0,0,0,0,0,0,0,0,0,0
1720,weekend,,0,0,0,0,0,0,0,0,0,0
1721,stuck,,0,0,0,0,0,0,0,0,0,0
1722,skeptical,,0,0,0,0,0,0,0,0,0,0
1723,literally,,0,0,0,0,0,0,0,0,0,0
1724,definite,,0,0,0,0,0,0,0,0,0,0
1725,js,,0,0,0,0,0,0,0,0,0,0
1726,crosstraining,,0,0,0,0,0,0,0,0,0,0
1727,pattern,,0,0,0,0,0,0,0,0,0,0
1728,feather,,0,0,0,0,0,0,0,0,0,0
1729,goodness,,0,0,0,0,0,0,0,0,0,0
1730,country,,0,0,0,0,0,0,0,0,0,0
1731,single,,0,0,0,0,0,0,0,0,0,0
1732,willing,,0,0,0,0,0,0,0,0,0,0
1733,shifts,,0,0,0,0,0,0,0,0,0,0
1734,promptly,,0,0,0,0,0,0,0,0,0,0
1735,phenomenal,,0,0,0,0,0,0,0,0,0,0
1736,saturday,,0,0,0,0,0,0,0,0,0,0
1737,backup,,0,0,0,0,0,0,0,0,0,0
1738,fully,,0,0,0,0,0,0,0,0,0,0
1739,producto,,0,0,0,0,0,0,0,0,0,0
1740,figured,,0,0,0,0,0,0,0,0,0,0
1741,hey,,0,0,0,0,0,0,0,0,0,0
1742,tag,,0,0,0,0,0,0,0,0,0,0
1743,dream,,0,0,0,0,0,0,0,0,0,0
1744,birthday,,0,0,0,0,0,0,0,0,0,0
1745,turned,,0,0,0,0,0,0,0,0,0,0
1746,biggest,,0,0,0,0,0,0,0,0,0,0
1747,soooo,,0,0,0,0,0,0,0,0,0,0
1748,learned,,0,0,0,0,0,0,0,0,0,0
1749,selected,,0,0,0,0,0,0,0,0,0,0
1750,goto,,0,0,0,0,0,0,0,0,0,0
1751,grown,,0,0,0,0,0,0,0,0,0,0
1752,walmart,,0,0,0,0,0,0,0,0,0,0
1753,leaves,,0,0,0,0,0,0,0,0,0,0
1754,searched,,0,0,0,0,0,0,0,0,0,0
1755,standard,,0,0,0,0,0,0,0,0,0,0
1756,sound,,0,0,0,0,0,0,0,0,0,0
1757,designs,,0,0,0,0,0,0,0,0,0,0
1758,gloves,,0,0,0,0,0,0,0,0,0,0
1759,frees,,0,0,0,0,0,0,0,0,0,0
1760,dirt,,0,0,0,0,0,0,0,0,0,0
1761,kill,,0,0,0,0,0,0,0,0,0,0
1762,affordable,,0,0,0,0,0,0,0,0,0,0
1763,follow,,0,0,0,0,0,0,0,0,0,0
1764,standards,,0,0,0,0,0,0,0,0,0,0
1765,near,,0,0,0,0,0,0,0,0,0,0
1766,bummed,,0,0,0,0,0,0,0,0,0,0
1767,itbr,,0,0,0,0,0,0,0,0,0,0
1768,packaging,,0,0,0,0,0,0,0,0,0,0
1769,fulfilled,,0,0,0,0,0,0,0,0,0,0
1770,daybr,,0,0,0,0,0,0,0,0,0,0
1771,begin,,0,0,0,0,0,0,0,0,0,0
1772,rated,,0,0,0,0,0,0,0,0,0,0
1773,puts,,0,0,0,0,0,0,0,0,0,0
1774,code,,0,0,0,0,0,0,0,0,0,0
1775,card,,0,0,0,0,0,0,0,0,0,0
1776,teen,,0,0,0,0,0,0,0,0,0,0
1777,lifetime,,0,0,0,0,0,0,0,0,0,0
1778,comfortablebr,,0,0,0,0,0,0,0,0,0,0
1779,hit,,0,0,0,0,0,0,0,0,0,0
1780,yeah,,0,0,0,0,0,0,0,0,0,0
1781,jump,,0,0,0,0,0,0,0,0,0,0
1782,justice,,0,0,0,0,0,0,0,0,0,0
1783,weigh,,0,0,0,0,0,0,0,0,0,0
1784,pounds,,0,0,0,0,0,0,0,0,0,0
1785,meets,,0,0,0,0,0,0,0,0,0,0
1786,minimalist,,0,0,0,0,0,0,0,0,0,0
1787,grandsons,,0,0,0,0,0,0,0,0,0,0
1788,bumps,,0,0,0,0,0,0,0,0,0,0
1789,absorb,,0,0,0,0,0,0,0,0,0,0
1790,sporty,,0,0,0,0,0,0,0,0,0,0
1791,appreciated,,0,0,0,0,0,0,0,0,0,0
1792,thumbs,,0,0,0,0,0,0,0,0,0,0
1793,symbol,,0,0,0,0,0,0,0,0,0,0
1794,seams,,0,0,0,0,0,0,0,0,0,0
1795,opposite,,0,0,0,0,0,0,0,0,0,0
1796,outdoors,,0,0,0,0,0,0,0,0,0,0
1797,dusty,,0,0,0,0,0,0,0,0,0,0
1798,shaped,,0,0,0,0,0,0,0,0,0,0
1799,upper,,0,0,0,0,0,0,0,0,0,0
1800,strange,,0,0,0,0,0,0,0,0,0,0
1801,carried,,0,0,0,0,0,0,0,0,0,0
1802,attached,,0,0,0,0,0,0,0,0,0,0
1803,nikebr,,0,0,0,0,0,0,0,0,0,0
1804,label,,0,0,0,0,0,0,0,0,0,0
1805,flight,,0,0,0,0,0,0,0,0,0,0
1806,unit,,0,0,0,0,0,0,0,0,0,0
1807,protection,,0,0,0,0,0,0,0,0,0,0
1808,finish,,0,0,0,0,0,0,0,0,0,0
1809,sz,,0,0,0,0,0,0,0,0,0,0
1810,switched,,0,0,0,0,0,0,0,0,0,0
1811,foamposite,,0,0,0,0,0,0,0,0,0,0
1812,omg,,0,0,0,0,0,0,0,0,0,0
1813,flyknit,,0,0,0,0,0,0,0,0,0,0
1814,sprinting,,0,0,0,0,0,0,0,0,0,0
1815,stretchy,,0,0,0,0,0,0,0,0,0,0
1816,afraid,,0,0,0,0,0,0,0,0,0,0
1817,loosened,,0,0,0,0,0,0,0,0,0,0
1818,cardio,,0,0,0,0,0,0,0,0,0,0
1819,requires,,0,0,0,0,0,0,0,0,0,0
1820,elliptical,,0,0,0,0,0,0,0,0,0,0
1821,bike,,0,0,0,0,0,0,0,0,0,0
1822,email,,0,0,0,0,0,0,0,0,0,0
1823,upbr,,0,0,0,0,0,0,0,0,0,0
1824,impressed,,0,0,0,0,0,0,0,0,0,0
1825,breaks,,0,0,0,0,0,0,0,0,0,0
1826,pockets,,0,0,0,0,0,0,0,0,0,0
1827,nonetheless,,0,0,0,0,0,0,0,0,0,0
1828,youve,,0,0,0,0,0,0,0,0,0,0
1829,warned,,0,0,0,0,0,0,0,0,0,0
1830,vendor,,0,0,0,0,0,0,0,0,0,0
1831,alright,,0,0,0,0,0,0,0,0,0,0
1832,dance,,0,0,0,0,0,0,0,0,0,0
1833,ðŸŒ,,0,0,0,0,0,0,0,0,0,0
1834,shopping,,0,0,0,0,0,0,0,0,0,0
1835,receive,,0,0,0,0,0,0,0,0,0,0
1836,trim,,0,0,0,0,0,0,0,0,0,0
1837,hidden,,0,0,0,0,0,0,0,0,0,0
1838,lightbr,,0,0,0,0,0,0,0,0,0,0
1839,reasonably,,0,0,0,0,0,0,0,0,0,0
1840,barefoot,,0,0,0,0,0,0,0,0,0,0
1841,basically,,0,0,0,0,0,0,0,0,0,0
1842,verry,,0,0,0,0,0,0,0,0,0,0
1843,possible,,0,0,0,0,0,0,0,0,0,0
1844,stylin,,0,0,0,0,0,0,0,0,0,0
1845,rolled,,0,0,0,0,0,0,0,0,0,0
1846,roll,,0,0,0,0,0,0,0,0,0,0
1847,edge,,0,0,0,0,0,0,0,0,0,0
1848,asleep,,0,0,0,0,0,0,0,0,0,0
1849,everybody,,0,0,0,0,0,0,0,0,0,0
1850,continuous,,0,0,0,0,0,0,0,0,0,0
1851,happen,,0,0,0,0,0,0,0,0,0,0
1852,lounging,,0,0,0,0,0,0,0,0,0,0
1853,replacing,,0,0,0,0,0,0,0,0,0,0
1854,separate,,0,0,0,0,0,0,0,0,0,0
1855,annoying,,0,0,0,0,0,0,0,0,0,0
1856,perfectlybr,,0,0,0,0,0,0,0,0,0,0
1857,rate,,0,0,0,0,0,0,0,0,0,0
1858,avoid,,0,0,0,0,0,0,0,0,0,0
1859,shin,,0,0,0,0,0,0,0,0,0,0
1860,class,,0,0,0,0,0,0,0,0,0,0
1861,intended,,0,0,0,0,0,0,0,0,0,0
1862,sooooo,,0,0,0,0,0,0,0,0,0,0
1863,exceptional,,0,0,0,0,0,0,0,0,0,0
1864,moves,,0,0,0,0,0,0,0,0,0,0
1865,winner,,0,0,0,0,0,0,0,0,0,0
1866,zumba,,0,0,0,0,0,0,0,0,0,0
1867,classes,,0,0,0,0,0,0,0,0,0,0
1868,mebr,,0,0,0,0,0,0,0,0,0,0
1869,tip,,0,0,0,0,0,0,0,0,0,0
1870,whatsoever,,0,0,0,0,0,0,0,0,0,0
1871,bank,,0,0,0,0,0,0,0,0,0,0
1872,shouldve,,0,0,0,0,0,0,0,0,0,0
1873,flyknits,,0,0,0,0,0,0,0,0,0,0
1874,adjusted,,0,0,0,0,0,0,0,0,0,0
1875,unless,,0,0,0,0,0,0,0,0,0,0
1876,injured,,0,0,0,0,0,0,0,0,0,0
1877,compliment,,0,0,0,0,0,0,0,0,0,0
1878,figure,,0,0,0,0,0,0,0,0,0,0
1879,brighter,,0,0,0,0,0,0,0,0,0,0
1880,event,,0,0,0,0,0,0,0,0,0,0
1881,beautifully,,0,0,0,0,0,0,0,0,0,0
1882,reality,,0,0,0,0,0,0,0,0,0,0
1883,lose,,0,0,0,0,0,0,0,0,0,0
1884,soo,,0,0,0,0,0,0,0,0,0,0
1885,aside,,0,0,0,0,0,0,0,0,0,0
1886,sense,,0,0,0,0,0,0,0,0,0,0
1887,orthotics,,0,0,0,0,0,0,0,0,0,0
1888,loosening,,0,0,0,0,0,0,0,0,0,0
1889,entirely,,0,0,0,0,0,0,0,0,0,0
1890,ridiculous,,0,0,0,0,0,0,0,0,0,0
1891,ventilated,,0,0,0,0,0,0,0,0,0,0
1892,carpet,,0,0,0,0,0,0,0,0,0,0
1893,schools,,0,0,0,0,0,0,0,0,0,0
1894,gliding,,0,0,0,0,0,0,0,0,0,0
1895,shoesthey,,0,0,0,0,0,0,0,0,0,0
1896,flatfooted,,0,0,0,0,0,0,0,0,0,0
1897,idea,,0,0,0,0,0,0,0,0,0,0
1898,originally,,0,0,0,0,0,0,0,0,0,0
1899,spectacular,,0,0,0,0,0,0,0,0,0,0
1900,check,,0,0,0,0,0,0,0,0,0,0
1901,greater,,0,0,0,0,0,0,0,0,0,0
1902,edition,,0,0,0,0,0,0,0,0,0,0
1903,fewer,,0,0,0,0,0,0,0,0,0,0
1904,types,,0,0,0,0,0,0,0,0,0,0
1905,decision,,0,0,0,0,0,0,0,0,0,0
1906,considering,,0,0,0,0,0,0,0,0,0,0
1907,despite,,0,0,0,0,0,0,0,0,0,0
1908,advice,,0,0,0,0,0,0,0,0,0,0
1909,usps,,0,0,0,0,0,0,0,0,0,0
1910,communication,,0,0,0,0,0,0,0,0,0,0
1911,waste,,0,0,0,0,0,0,0,0,0,0
1912,crap,,0,0,0,0,0,0,0,0,0,0
1913,seriously,,0,0,0,0,0,0,0,0,0,0
1914,chart,,0,0,0,0,0,0,0,0,0,0
1915,frequently,,0,0,0,0,0,0,0,0,0,0
1916,trust,,0,0,0,0,0,0,0,0,0,0
1917,flimsy,,0,0,0,0,0,0,0,0,0,0
1918,fond,,0,0,0,0,0,0,0,0,0,0
1919,combo,,0,0,0,0,0,0,0,0,0,0
1920,directly,,0,0,0,0,0,0,0,0,0,0
1921,teenage,,0,0,0,0,0,0,0,0,0,0
1922,movement,,0,0,0,0,0,0,0,0,0,0
1923,rarely,,0,0,0,0,0,0,0,0,0,0
1924,tall,,0,0,0,0,0,0,0,0,0,0
1925,pressed,,0,0,0,0,0,0,0,0,0,0
1926,ahead,,0,0,0,0,0,0,0,0,0,0
1927,minimal,,0,0,0,0,0,0,0,0,0,0
1928,deadlifts,,0,0,0,0,0,0,0,0,0,0
1929,view,,0,0,0,0,0,0,0,0,0,0
1930,bend,,0,0,0,0,0,0,0,0,0,0
1931,moving,,0,0,0,0,0,0,0,0,0,0
1932,grandma,,0,0,0,0,0,0,0,0,0,0
1933,known,,0,0,0,0,0,0,0,0,0,0
1934,youll,,0,0,0,0,0,0,0,0,0,0
1935,produced,,0,0,0,0,0,0,0,0,0,0
1936,understand,,0,0,0,0,0,0,0,0,0,0
1937,variety,,0,0,0,0,0,0,0,0,0,0
1938,term,,0,0,0,0,0,0,0,0,0,0
1939,compare,,0,0,0,0,0,0,0,0,0,0
1940,measured,,0,0,0,0,0,0,0,0,0,0
1941,lives,,0,0,0,0,0,0,0,0,0,0
1942,common,,0,0,0,0,0,0,0,0,0,0
1943,youbr,,0,0,0,0,0,0,0,0,0,0
1944,floor,,0,0,0,0,0,0,0,0,0,0
1945,travel,,0,0,0,0,0,0,0,0,0,0
1946,knows,,0,0,0,0,0,0,0,0,0,0
1947,selection,,0,0,0,0,0,0,0,0,0,0
1948,hated,,0,0,0,0,0,0,0,0,0,0
1949,alittle,,0,0,0,0,0,0,0,0,0,0
1950,supports,,0,0,0,0,0,0,0,0,0,0
1951,bed,,0,0,0,0,0,0,0,0,0,0
1952,styling,,0,0,0,0,0,0,0,0,0,0
1953,bare,,0,0,0,0,0,0,0,0,0,0
1954,stick,,0,0,0,0,0,0,0,0,0,0
1955,tr,,0,0,0,0,0,0,0,0,0,0
1956,loud,,0,0,0,0,0,0,0,0,0,0
1957,aspect,,0,0,0,0,0,0,0,0,0,0
1958,low,,0,0,0,0,0,0,0,0,0,0
1959,tighten,,0,0,0,0,0,0,0,0,0,0
1960,hip,,0,0,0,0,0,0,0,0,0,0
1961,canvas,,0,0,0,0,0,0,0,0,0,0
1962,awkward,,0,0,0,0,0,0,0,0,0,0
1963,photos,,0,0,0,0,0,0,0,0,0,0
1964,continued,,0,0,0,0,0,0,0,0,0,0
1965,longboarding,,0,0,0,0,0,0,0,0,0,0
1966,peeling,,0,0,0,0,0,0,0,0,0,0
1967,section,,0,0,0,0,0,0,0,0,0,0
1968,platforms,,0,0,0,0,0,0,0,0,0,0
1969,google,,0,0,0,0,0,0,0,0,0,0
1970,tape,,0,0,0,0,0,0,0,0,0,0
1971,trick,,0,0,0,0,0,0,0,0,0,0
1972,underneath,,0,0,0,0,0,0,0,0,0,0
1973,ripping,,0,0,0,0,0,0,0,0,0,0
1974,superb,,0,0,0,0,0,0,0,0,0,0
1975,pass,,0,0,0,0,0,0,0,0,0,0
1976,april,,0,0,0,0,0,0,0,0,0,0
1977,hug,,0,0,0,0,0,0,0,0,0,0
1978,fancy,,0,0,0,0,0,0,0,0,0,0
1979,attire,,0,0,0,0,0,0,0,0,0,0
1980,vary,,0,0,0,0,0,0,0,0,0,0
1981,causes,,0,0,0,0,0,0,0,0,0,0
1982,comfortbr,,0,0,0,0,0,0,0,0,0,0
1983,listed,,0,0,0,0,0,0,0,0,0,0
1984,factory,,0,0,0,0,0,0,0,0,0,0
1985,itll,,0,0,0,0,0,0,0,0,0,0
1986,couldve,,0,0,0,0,0,0,0,0,0,0
1987,spare,,0,0,0,0,0,0,0,0,0,0
1988,comfortablei,,0,0,0,0,0,0,0,0,0,0
1989,squats,,0,0,0,0,0,0,0,0,0,0
1990,expectation,,0,0,0,0,0,0,0,0,0,0
1991,caught,,0,0,0,0,0,0,0,0,0,0
1992,stayed,,0,0,0,0,0,0,0,0,0,0
1993,hrs,,0,0,0,0,0,0,0,0,0,0
1994,performed,,0,0,0,0,0,0,0,0,0,0
1995,lunarglide,,0,0,0,0,0,0,0,0,0,0
1996,cuts,,0,0,0,0,0,0,0,0,0,0
1997,provided,,0,0,0,0,0,0,0,0,0,0
1998,timing,,0,0,0,0,0,0,0,0,0,0
1999,walls,,0,0,0,0,0,0,0,0,0,0
2000,game,,0,0,0,0,0,0,0,0,0,0
2001,reinforced,,0,0,0,0,0,0,0,0,0,0
2002,direction,,0,0,0,0,0,0,0,0,0,0
2003,land,,0,0,0,0,0,0,0,0,0,0
2004,recommendation,,0,0,0,0,0,0,0,0,0,0
2005,instep,,0,0,0,0,0,0,0,0,0,0
2006,cheapest,,0,0,0,0,0,0,0,0,0,0
2007,measure,,0,0,0,0,0,0,0,0,0,0
2008,tounge,,0,0,0,0,0,0,0,0,0,0
2009,partially,,0,0,0,0,0,0,0,0,0,0
2010,backs,,0,0,0,0,0,0,0,0,0,0
2011,risk,,0,0,0,0,0,0,0,0,0,0
2012,serve,,0,0,0,0,0,0,0,0,0,0
2013,covered,,0,0,0,0,0,0,0,0,0,0
2014,couch,,0,0,0,0,0,0,0,0,0,0
2015,weights,,0,0,0,0,0,0,0,0,0,0
2016,grass,,0,0,0,0,0,0,0,0,0,0
2017,loop,,0,0,0,0,0,0,0,0,0,0
2018,useless,,0,0,0,0,0,0,0,0,0,0
2019,luckily,,0,0,0,0,0,0,0,0,0,0
2020,worry,,0,0,0,0,0,0,0,0,0,0
2021,required,,0,0,0,0,0,0,0,0,0,0
2022,ya,,0,0,0,0,0,0,0,0,0,0
2023,sweet,,0,0,0,0,0,0,0,0,0,0
2024,pleasantly,,0,0,0,0,0,0,0,0,0,0
2025,liking,,0,0,0,0,0,0,0,0,0,0
2026,specially,,0,0,0,0,0,0,0,0,0,0
2027,purple,,0,0,0,0,0,0,0,0,0,0
2028,firmly,,0,0,0,0,0,0,0,0,0,0
2029,jogging,,0,0,0,0,0,0,0,0,0,0
2030,alternative,,0,0,0,0,0,0,0,0,0,0
2031,agile,,0,0,0,0,0,0,0,0,0,0
2032,reminded,,0,0,0,0,0,0,0,0,0,0
2033,moderate,,0,0,0,0,0,0,0,0,0,0
2034,regularly,,0,0,0,0,0,0,0,0,0,0
2035,deployed,,0,0,0,0,0,0,0,0,0,0
2036,buyer,,0,0,0,0,0,0,0,0,0,0
2037,reviewed,,0,0,0,0,0,0,0,0,0,0
2038,eu,,0,0,0,0,0,0,0,0,0,0
2039,lebron,,0,0,0,0,0,0,0,0,0,0
2040,grade,,0,0,0,0,0,0,0,0,0,0
2041,golfing,,0,0,0,0,0,0,0,0,0,0
2042,swish,,0,0,0,0,0,0,0,0,0,0
2043,vs,,0,0,0,0,0,0,0,0,0,0
2044,junior,,0,0,0,0,0,0,0,0,0,0
2045,spikes,,0,0,0,0,0,0,0,0,0,0
2046,versatile,,0,0,0,0,0,0,0,0,0,0
2047,steal,,0,0,0,0,0,0,0,0,0,0
2048,damp,,0,0,0,0,0,0,0,0,0,0
2049,greens,,0,0,0,0,0,0,0,0,0,0
2050,neck,,0,0,0,0,0,0,0,0,0,0
2051,airy,,0,0,0,0,0,0,0,0,0,0
2052,waterproof,,0,0,0,0,0,0,0,0,0,0
2053,golfed,,0,0,0,0,0,0,0,0,0,0
2054,pleasant,,0,0,0,0,0,0,0,0,0,0
2055,terms,,0,0,0,0,0,0,0,0,0,0
2056,team,,0,0,0,0,0,0,0,0,0,0
2057,dew,,0,0,0,0,0,0,0,0,0,0
2058,unglued,,0,0,0,0,0,0,0,0,0,0
2059,test,,0,0,0,0,0,0,0,0,0,0
2060,pro,,0,0,0,0,0,0,0,0,0,0
2061,player,,0,0,0,0,0,0,0,0,0,0
2062,golfer,,0,0,0,0,0,0,0,0,0,0
2063,wipe,,0,0,0,0,0,0,0,0,0,0
2064,reviewers,,0,0,0,0,0,0,0,0,0,0
2065,manufacturer,,0,0,0,0,0,0,0,0,0,0
2066,spikeless,,0,0,0,0,0,0,0,0,0,0
2067,sneaks,,0,0,0,0,0,0,0,0,0,0
2068,scuffs,,0,0,0,0,0,0,0,0,0,0
2069,warm,,0,0,0,0,0,0,0,0,0,0
2070,footjoy,,0,0,0,0,0,0,0,0,0,0
2071,stained,,0,0,0,0,0,0,0,0,0,0
2072,shouldnt,,0,0,0,0,0,0,0,0,0,0
2073,swing,,0,0,0,0,0,0,0,0,0,0
2074,rear,,0,0,0,0,0,0,0,0,0,0
2075,workmanship,,0,0,0,0,0,0,0,0,0,0
2076,fiance,,0,0,0,0,0,0,0,0,0,0
2077,riding,,0,0,0,0,0,0,0,0,0,0
2078,cart,,0,0,0,0,0,0,0,0,0,0
2079,helpful,,0,0,0,0,0,0,0,0,0,0
2080,custom,,0,0,0,0,0,0,0,0,0,0
2081,vents,,0,0,0,0,0,0,0,0,0,0
2082,surprising,,0,0,0,0,0,0,0,0,0,0
2083,noise,,0,0,0,0,0,0,0,0,0,0
2084,husbands,,0,0,0,0,0,0,0,0,0,0
2085,forget,,0,0,0,0,0,0,0,0,0,0
2086,won,,0,0,0,0,0,0,0,0,0,0
2087,practical,,0,0,0,0,0,0,0,0,0,0
2088,main,,0,0,0,0,0,0,0,0,0,0
2089,hear,,0,0,0,0,0,0,0,0,0,0
2090,cooler,,0,0,0,0,0,0,0,0,0,0
2091,earth,,0,0,0,0,0,0,0,0,0,0
2092,tee,,0,0,0,0,0,0,0,0,0,0
2093,footing,,0,0,0,0,0,0,0,0,0,0
2094,ultra,,0,0,0,0,0,0,0,0,0,0
2095,sticks,,0,0,0,0,0,0,0,0,0,0
2096,pulled,,0,0,0,0,0,0,0,0,0,0
2097,suitable,,0,0,0,0,0,0,0,0,0,0
2098,fourth,,0,0,0,0,0,0,0,0,0,0
2099,hyperdunks,,0,0,0,0,0,0,0,0,0,0
2100,ee,,0,0,0,0,0,0,0,0,0,0
2101,pros,,0,0,0,0,0,0,0,0,0,0
2102,requiring,,0,0,0,0,0,0,0,0,0,0
2103,placed,,0,0,0,0,0,0,0,0,0,0
2104,focused,,0,0,0,0,0,0,0,0,0,0
2105,tw,,0,0,0,0,0,0,0,0,0,0
2106,constructed,,0,0,0,0,0,0,0,0,0,0
2107,unbeatable,,0,0,0,0,0,0,0,0,0,0
2108,chafing,,0,0,0,0,0,0,0,0,0,0
2109,bedroom,,0,0,0,0,0,0,0,0,0,0
2110,speak,,0,0,0,0,0,0,0,0,0,0
2111,breakin,,0,0,0,0,0,0,0,0,0,0
2112,comparable,,0,0,0,0,0,0,0,0,0,0
2113,spected,,0,0,0,0,0,0,0,0,0,0
2114,sand,,0,0,0,0,0,0,0,0,0,0
2115,exclusively,,0,0,0,0,0,0,0,0,0,0
2116,tour,,0,0,0,0,0,0,0,0,0,0
2117,brown,,0,0,0,0,0,0,0,0,0,0
2118,joke,,0,0,0,0,0,0,0,0,0,0
2119,lunarlon,,0,0,0,0,0,0,0,0,0,0
2120,touching,,0,0,0,0,0,0,0,0,0,0
2121,widths,,0,0,0,0,0,0,0,0,0,0
2122,stood,,0,0,0,0,0,0,0,0,0,0
2123,scheduled,,0,0,0,0,0,0,0,0,0,0
2124,inexpensive,,0,0,0,0,0,0,0,0,0,0
2125,crowd,,0,0,0,0,0,0,0,0,0,0
2126,players,,0,0,0,0,0,0,0,0,0,0
2127,skateboarding,,0,0,0,0,0,0,0,0,0,0
2128,cleaner,,0,0,0,0,0,0,0,0,0,0
2129,events,,0,0,0,0,0,0,0,0,0,0
2130,improve,,0,0,0,0,0,0,0,0,0,0
2131,promised,,0,0,0,0,0,0,0,0,0,0
2132,yrs,,0,0,0,0,0,0,0,0,0,0
2133,positive,,0,0,0,0,0,0,0,0,0,0
2134,shox,,0,0,0,0,0,0,0,0,0,0
2135,pricy,,0,0,0,0,0,0,0,0,0,0
2136,needing,,0,0,0,0,0,0,0,0,0,0
2137,prices,,0,0,0,0,0,0,0,0,0,0
2138,significant,,0,0,0,0,0,0,0,0,0,0
2139,discount,,0,0,0,0,0,0,0,0,0,0
2140,genuine,,0,0,0,0,0,0,0,0,0,0
2141,primary,,0,0,0,0,0,0,0,0,0,0
2142,lunarglides,,0,0,0,0,0,0,0,0,0,0
2143,accommodate,,0,0,0,0,0,0,0,0,0,0
2144,ad,,0,0,0,0,0,0,0,0,0,0
2145,toebox,,0,0,0,0,0,0,0,0,0,0
2146,driver,,0,0,0,0,0,0,0,0,0,0
2147,moisture,,0,0,0,0,0,0,0,0,0,0
2148,thoughi,,0,0,0,0,0,0,0,0,0,0
2149,mortons,,0,0,0,0,0,0,0,0,0,0
2150,experiencing,,0,0,0,0,0,0,0,0,0,0
2151,resistance,,0,0,0,0,0,0,0,0,0,0
2152,rough,,0,0,0,0,0,0,0,0,0,0
2153,washing,,0,0,0,0,0,0,0,0,0,0
2154,machine,,0,0,0,0,0,0,0,0,0,0
2155,feature,,0,0,0,0,0,0,0,0,0,0
2156,sizebr,,0,0,0,0,0,0,0,0,0,0
2157,goodbr,,0,0,0,0,0,0,0,0,0,0
2158,copy,,0,0,0,0,0,0,0,0,0,0
2159,reviewer,,0,0,0,0,0,0,0,0,0,0
2160,mercurial,,0,0,0,0,0,0,0,0,0,0
2161,reliable,,0,0,0,0,0,0,0,0,0,0
2162,upgraded,,0,0,0,0,0,0,0,0,0,0
2163,terribly,,0,0,0,0,0,0,0,0,0,0
2164,surface,,0,0,0,0,0,0,0,0,0,0
2165,sweaty,,0,0,0,0,0,0,0,0,0,0
2166,solved,,0,0,0,0,0,0,0,0,0,0
2167,phantom,,0,0,0,0,0,0,0,0,0,0
2168,ii,,0,0,0,0,0,0,0,0,0,0
2169,soleplate,,0,0,0,0,0,0,0,0,0,0
2170,compromise,,0,0,0,0,0,0,0,0,0,0
2171,fg,,0,0,0,0,0,0,0,0,0,0
2172,hypervenom,,0,0,0,0,0,0,0,0,0,0
2173,writing,,0,0,0,0,0,0,0,0,0,0
2174,control,,0,0,0,0,0,0,0,0,0,0
2175,showed,,0,0,0,0,0,0,0,0,0,0
2176,split,,0,0,0,0,0,0,0,0,0,0
2177,hoop,,0,0,0,0,0,0,0,0,0,0
2178,hoops,,0,0,0,0,0,0,0,0,0,0
2179,protect,,0,0,0,0,0,0,0,0,0,0
2180,reflect,,0,0,0,0,0,0,0,0,0,0
2181,cop,,0,0,0,0,0,0,0,0,0,0
2182,squeaking,,0,0,0,0,0,0,0,0,0,0
2183,hyperdunk,,0,0,0,0,0,0,0,0,0,0
2184,places,,0,0,0,0,0,0,0,0,0,0
2185,favor,,0,0,0,0,0,0,0,0,0,0
2186,indoors,,0,0,0,0,0,0,0,0,0,0
2187,vented,,0,0,0,0,0,0,0,0,0,0
2188,shooting,,0,0,0,0,0,0,0,0,0,0
2189,guard,,0,0,0,0,0,0,0,0,0,0
2190,switching,,0,0,0,0,0,0,0,0,0,0
2191,gracias,,0,0,0,0,0,0,0,0,0,0
2192,comparison,,0,0,0,0,0,0,0,0,0,0
2193,studs,,0,0,0,0,0,0,0,0,0,0
2194,dig,,0,0,0,0,0,0,0,0,0,0
2195,fields,,0,0,0,0,0,0,0,0,0,0
2196,skip,,0,0,0,0,0,0,0,0,0,0
2197,ice,,0,0,0,0,0,0,0,0,0,0
2198,flights,,0,0,0,0,0,0,0,0,0,0
2199,owning,,0,0,0,0,0,0,0,0,0,0
2200,complimented,,0,0,0,0,0,0,0,0,0,0
2201,hydro,,0,0,0,0,0,0,0,0,0,0
2202,squeek,,0,0,0,0,0,0,0,0,0,0
2203,forces,,0,0,0,0,0,0,0,0,0,0
2204,staring,,0,0,0,0,0,0,0,0,0,0
2205,release,,0,0,0,0,0,0,0,0,0,0
2206,contact,,0,0,0,0,0,0,0,0,0,0
2207,book,,0,0,0,0,0,0,0,0,0,0
2208,funny,,0,0,0,0,0,0,0,0,0,0
2209,occasion,,0,0,0,0,0,0,0,0,0,0
2210,dented,,0,0,0,0,0,0,0,0,0,0
2211,fingers,,0,0,0,0,0,0,0,0,0,0
2212,ass,,0,0,0,0,0,0,0,0,0,0
2213,vintage,,0,0,0,0,0,0,0,0,0,0
2214,hype,,0,0,0,0,0,0,0,0,0,0
2215,destroyed,,0,0,0,0,0,0,0,0,0,0
2216,imo,,0,0,0,0,0,0,0,0,0,0
2217,tracking,,0,0,0,0,0,0,0,0,0,0
2218,thx,,0,0,0,0,0,0,0,0,0,0
2219,purchases,,0,0,0,0,0,0,0,0,0,0
2220,confident,,0,0,0,0,0,0,0,0,0,0
2221,appreciate,,0,0,0,0,0,0,0,0,0,0
2222,proper,,0,0,0,0,0,0,0,0,0,0
2223,kobe,,0,0,0,0,0,0,0,0,0,0
2224,flaw,,0,0,0,0,0,0,0,0,0,0
2225,question,,0,0,0,0,0,0,0,0,0,0
2226,safe,,0,0,0,0,0,0,0,0,0,0
2227,mark,,0,0,0,0,0,0,0,0,0,0
2228,opening,,0,0,0,0,0,0,0,0,0,0
2229,list,,0,0,0,0,0,0,0,0,0,0
2230,vacation,,0,0,0,0,0,0,0,0,0,0
2231,saving,,0,0,0,0,0,0,0,0,0,0
2232,locker,,0,0,0,0,0,0,0,0,0,0
2233,pricebr,,0,0,0,0,0,0,0,0,0,0
2234,pinkie,,0,0,0,0,0,0,0,0,0,0
2235,bout,,0,0,0,0,0,0,0,0,0,0
2236,latest,,0,0,0,0,0,0,0,0,0,0
2237,tears,,0,0,0,0,0,0,0,0,0,0
2238,enjoys,,0,0,0,0,0,0,0,0,0,0
2239,unable,,0,0,0,0,0,0,0,0,0,0
2240,bomb,,0,0,0,0,0,0,0,0,0,0
2241,began,,0,0,0,0,0,0,0,0,0,0
2242,wrap,,0,0,0,0,0,0,0,0,0,0
2243,deliver,,0,0,0,0,0,0,0,0,0,0
2244,yo,,0,0,0,0,0,0,0,0,0,0
2245,sneakets,,0,0,0,0,0,0,0,0,0,0
2246,buen,,0,0,0,0,0,0,0,0,0,0
2247,injury,,0,0,0,0,0,0,0,0,0,0
2248,faded,,0,0,0,0,0,0,0,0,0,0
2249,defender,,0,0,0,0,0,0,0,0,0,0
2250,generation,,0,0,0,0,0,0,0,0,0,0
2251,recieved,,0,0,0,0,0,0,0,0,0,0
2252,tightening,,0,0,0,0,0,0,0,0,0,0
2253,james,,0,0,0,0,0,0,0,0,0,0
2254,deff,,0,0,0,0,0,0,0,0,0,0
2255,history,,0,0,0,0,0,0,0,0,0,0
2256,falls,,0,0,0,0,0,0,0,0,0,0
2257,improvement,,0,0,0,0,0,0,0,0,0,0
2258,surely,,0,0,0,0,0,0,0,0,0,0
2259,intention,,0,0,0,0,0,0,0,0,0,0
2260,justify,,0,0,0,0,0,0,0,0,0,0
2261,avid,,0,0,0,0,0,0,0,0,0,0
2262,crease,,0,0,0,0,0,0,0,0,0,0
2263,manufacturing,,0,0,0,0,0,0,0,0,0,0
2264,visit,,0,0,0,0,0,0,0,0,0,0
2265,duck,,0,0,0,0,0,0,0,0,0,0
2266,splints,,0,0,0,0,0,0,0,0,0,0
2267,bothering,,0,0,0,0,0,0,0,0,0,0
2268,importantly,,0,0,0,0,0,0,0,0,0,0
2269,knockoff,,0,0,0,0,0,0,0,0,0,0
2270,released,,0,0,0,0,0,0,0,0,0,0
2271,results,,0,0,0,0,0,0,0,0,0,0
2272,shine,,0,0,0,0,0,0,0,0,0,0
2273,removed,,0,0,0,0,0,0,0,0,0,0
2274,gum,,0,0,0,0,0,0,0,0,0,0
2275,plate,,0,0,0,0,0,0,0,0,0,0
2276,window,,0,0,0,0,0,0,0,0,0,0
2277,everthing,,0,0,0,0,0,0,0,0,0,0
2278,sneakerhead,,0,0,0,0,0,0,0,0,0,0
2279,retroâ€™s,,0,0,0,0,0,0,0,0,0,0
2280,quit,,0,0,0,0,0,0,0,0,0,0
2281,collectors,,0,0,0,0,0,0,0,0,0,0
2282,incorrect,,0,0,0,0,0,0,0,0,0,0
2283,squeaky,,0,0,0,0,0,0,0,0,0,0
2284,clunky,,0,0,0,0,0,0,0,0,0,0
2285,bounce,,0,0,0,0,0,0,0,0,0,0
2286,interior,,0,0,0,0,0,0,0,0,0,0
2287,fifth,,0,0,0,0,0,0,0,0,0,0
2288,squeeks,,0,0,0,0,0,0,0,0,0,0
2289,baller,,0,0,0,0,0,0,0,0,0,0
2290,monarch,,0,0,0,0,0,0,0,0,0,0
2291,iv,,0,0,0,0,0,0,0,0,0,0
2292,monarchs,,0,0,0,0,0,0,0,0,0,0
2293,redesigned,,0,0,0,0,0,0,0,0,0,0
2294,powder,,0,0,0,0,0,0,0,0,0,0
2295,theyâ€™re,,0,0,0,0,0,0,0,0,0,0
2296,table,,0,0,0,0,0,0,0,0,0,0
2297,waffle,,0,0,0,0,0,0,0,0,0,0
2298,structures,,0,0,0,0,0,0,0,0,0,0
2299,pronation,,0,0,0,0,0,0,0,0,0,0
2300,placement,,0,0,0,0,0,0,0,0,0,0
2301,sloppy,,0,0,0,0,0,0,0,0,0,0
2302,terra,,0,0,0,0,0,0,0,0,0,0
2303,kiger,,0,0,0,0,0,0,0,0,0,0
2304,shell,,0,0,0,0,0,0,0,0,0,0
2305,thongs,,0,0,0,0,0,0,0,0,0,0
2306,thong,,0,0,0,0,0,0,0,0,0,0
2307,artificial,,0,0,0,0,0,0,0,0,0,0
2308,darts,,0,0,0,0,0,0,0,0,0,0
2309,dart,,0,0,0,0,0,0,0,0,0,0
2310,lip,,0,0,0,0,0,0,0,0,0,0
2311,posterior,,0,0,0,0,0,0,0,0,0,0
