Id,Label,timeset,modularity_class,Eccentricity,closnesscentrality,harmonicclosnesscentrality,betweenesscentrality,pageranks,clustering
1,clean,,0,0,0,0,0,0,0
2,shoe,,0,1,1,1,16.456996,0.03823,0.759073
3,poorly,,0,0,0,0,0,0,0
4,love,,0,2,0.888889,0.9375,9.178344,0.034671,0.8
5,thought,,0,0,0,0,0,0,0
6,great,,0,2,0.941176,0.96875,11.702288,0.035842,0.794253
7,disappointed,,0,0,0,0,0,0,0
8,tie,,0,0,0,0,0,0,0
9,center,,0,0,0,0,0,0,0
10,strap,,0,0,0,0,0,0,0
11,time,,0,2,0.820513,0.890625,3.533336,0.025111,0.835979
12,wore,,0,0,0,0,0,0,0
13,bought,,0,2,0.711111,0.796875,2.322606,0.027086,0.867589
14,especially,,0,0,0,0,0,0,0
15,wear,,1,2,0.914286,0.953125,12.630288,0.036997,0.763105
16,vacation,,0,0,0,0,0,0,0
17,doing,,0,0,0,0,0,0,0
18,lot,,0,0,0,0,0,0,0
19,walking,,0,0,0,0,0,0,0
20,felt,,0,0,0,0,0,0,0
21,wonderful,,0,0,0,0,0,0,0
22,shoes,,0,2,0.969697,0.984375,15.499008,0.038198,0.760081
23,look,,0,2,0.744186,0.828125,2.609398,0.027624,0.852308
24,comfortable,,0,1,1,1,16.456996,0.03823,0.759073
25,ended,,0,0,0,0,0,0,0
26,killing,,0,0,0,0,0,0,0
27,feet,,1,2,0.914286,0.953125,9.400667,0.032594,0.790805
28,hour,,0,0,0,0,0,0,0
29,work,,0,2,0.888889,0.9375,11.882822,0.037005,0.764113
30,day,,1,2,0.8,0.875,2.820585,0.023228,0.856923
31,sadly,,0,0,0,0,0,0,0
32,recommend,,0,0,0,0,0,0,0
33,style,,0,0,0,0,0,0,0
34,comfort,,0,0,0,0,0,0,0
35,sandals,,0,0,0,0,0,0,0
36,fantastic,,0,0,0,0,0,0,0
37,super,,0,0,0,0,0,0,0
38,summer,,0,0,0,0,0,0,0
39,started,,0,0,0,0,0,0,0
40,planters,,0,0,0,0,0,0,0
41,fasciitis,,0,0,0,0,0,0,0
42,wearing,,0,2,0.695652,0.78125,2.213247,0.024642,0.851449
43,unsupportive,,0,0,0,0,0,0,0
44,flip,,0,0,0,0,0,0,0
45,flops,,0,0,0,0,0,0,0
46,flop,,0,0,0,0,0,0,0
47,kinda,,0,0,0,0,0,0,0
48,girl,,0,0,0,0,0,0,0
49,stop,,0,0,0,0,0,0,0
50,spring,,0,0,0,0,0,0,0
51,skechers,,0,2,0.727273,0.8125,2.829173,0.028377,0.846154
52,havent,,0,0,0,0,0,0,0
53,issues,,0,0,0,0,0,0,0
54,pain,,0,0,0,0,0,0,0
55,happy,,0,0,0,0,0,0,0
56,comfy,,0,0,0,0,0,0,0
57,compliments,,0,0,0,0,0,0,0
58,hesitate,,0,0,0,0,0,0,0
59,better,,0,0,0,0,0,0,0
60,expected,,0,0,0,0,0,0,0
61,theyre,,0,0,0,0,0,0,0
62,really,,0,2,0.864865,0.921875,6.651777,0.030249,0.802956
63,size,,1,2,0.941176,0.96875,12.662477,0.036181,0.775269
64,right,,0,0,0,0,0,0,0
65,larger,,0,0,0,0,0,0,0
66,small,,0,0,0,0,0,0,0
67,easy,,0,0,0,0,0,0,0
68,favorite,,0,0,0,0,0,0,0
69,quite,,0,0,0,0,0,0,0
70,arch,,0,0,0,0,0,0,0
71,support,,0,2,0.711111,0.796875,1.76375,0.022036,0.878788
72,hurt,,0,0,0,0,0,0,0
73,half,,0,0,0,0,0,0,0
74,smaller,,0,0,0,0,0,0,0
75,definitely,,0,0,0,0,0,0,0
76,sure,,0,0,0,0,0,0,0
77,order,,0,0,0,0,0,0,0
78,fact,,0,0,0,0,0,0,0
79,friends,,0,0,0,0,0,0,0
80,tried,,0,0,0,0,0,0,0
81,pair,,0,2,0.888889,0.9375,8.376871,0.032679,0.801724
82,length,,0,0,0,0,0,0,0
83,fine,,0,0,0,0,0,0,0
84,straps,,0,0,0,0,0,0,0
85,tight,,0,0,0,0,0,0,0
86,open,,0,0,0,0,0,0,0
87,toe,,1,2,0.627451,0.703125,0.723941,0.021222,0.905229
88,toes,,0,0,0,0,0,0,0
89,worth,,0,0,0,0,0,0,0
90,price,,0,2,0.711111,0.796875,0.627701,0.018997,0.930736
91,unfortunately,,0,0,0,0,0,0,0
92,stretched,,0,0,0,0,0,0,0
93,moderate,,0,0,0,0,0,0,0
94,ok,,0,0,0,0,0,0,0
95,perfect,,1,2,0.761905,0.84375,6.08512,0.031444,0.803419
96,recently,,0,0,0,0,0,0,0
97,developed,,0,0,0,0,0,0,0
98,bunions,,0,0,0,0,0,0,0
99,hurts,,0,0,0,0,0,0,0
100,need,,0,0,0,0,0,0,0
101,does,,0,0,0,0,0,0,0
102,sandal,,0,0,0,0,0,0,0
103,big,,1,2,0.727273,0.8125,3.014514,0.023506,0.838333
104,purpose,,0,0,0,0,0,0,0
105,little,,1,2,0.914286,0.953125,14.186352,0.038128,0.762097
106,high,,0,0,0,0,0,0,0
107,reason,,0,0,0,0,0,0,0
108,lower,,0,0,0,0,0,0,0
109,pairs,,0,0,0,0,0,0,0
110,satisfied,,0,0,0,0,0,0,0
111,purchase,,0,0,0,0,0,0,0
112,grey,,0,0,0,0,0,0,0
113,feel,,0,2,0.761905,0.84375,4.338418,0.027251,0.84
114,like,,0,2,0.888889,0.9375,9.335837,0.033608,0.767137
115,slippers,,0,0,0,0,0,0,0
116,sturdy,,0,0,0,0,0,0,0
117,walk,,0,0,0,0,0,0,0
118,long,,0,0,0,0,0,0,0
119,distances,,0,0,0,0,0,0,0
120,wish,,0,0,0,0,0,0,0
121,soles,,0,0,0,0,0,0,0
122,provided,,0,0,0,0,0,0,0
123,balls,,0,0,0,0,0,0,0
124,fully,,0,0,0,0,0,0,0
125,flatten,,0,0,0,0,0,0,0
126,person,,0,0,0,0,0,0,0
127,said,,0,0,0,0,0,0,0
128,upper,,0,0,0,0,0,0,0
129,stretching,,0,0,0,0,0,0,0
130,complained,,0,0,0,0,0,0,0
131,sole,,0,0,0,0,0,0,0
132,product,,0,0,0,0,0,0,0
133,buying,,0,0,0,0,0,0,0
134,swollen,,0,0,0,0,0,0,0
135,wrong,,0,0,0,0,0,0,0
136,rubber,,0,0,0,0,0,0,0
137,bands,,0,0,0,0,0,0,0
138,inside,,0,0,0,0,0,0,0
139,didnt,,0,0,0,0,0,0,0
140,think,,0,0,0,0,0,0,0
141,id,,0,0,0,0,0,0,0
142,ive,,0,0,0,0,0,0,0
143,figured,,0,0,0,0,0,0,0
144,simple,,0,0,0,0,0,0,0
145,slipping,,0,0,0,0,0,0,0
146,regular,,0,0,0,0,0,0,0
147,isnt,,0,0,0,0,0,0,0
148,deal,,0,0,0,0,0,0,0
149,worn,,0,0,0,0,0,0,0
150,hours,,0,0,0,0,0,0,0
151,discomfort,,0,0,0,0,0,0,0
152,soft,,0,0,0,0,0,0,0
153,cushy,,0,0,0,0,0,0,0
154,gotten,,0,0,0,0,0,0,0
155,different,,0,0,0,0,0,0,0
156,colors,,0,0,0,0,0,0,0
157,months,,0,0,0,0,0,0,0
158,loved,,0,0,0,0,0,0,0
159,given,,0,0,0,0,0,0,0
160,stars,,0,0,0,0,0,0,0
161,elastic,,0,0,0,0,0,0,0
162,difficult,,0,0,0,0,0,0,0
163,rub,,0,0,0,0,0,0,0
164,blister,,0,0,0,0,0,0,0
165,foot,,1,2,0.695652,0.78125,2.858167,0.024304,0.850649
166,movement,,0,0,0,0,0,0,0
167,know,,0,0,0,0,0,0,0
168,going,,0,0,0,0,0,0,0
169,distance,,0,0,0,0,0,0,0
170,lots,,0,0,0,0,0,0,0
171,ideal,,0,0,0,0,0,0,0
172,sanuks,,0,0,0,0,0,0,0
173,did,,0,0,0,0,0,0,0
174,stock,,0,0,0,0,0,0,0
175,teal,,0,0,0,0,0,0,0
176,expect,,0,0,0,0,0,0,0
177,basically,,0,0,0,0,0,0,0
178,flipflops,,0,0,0,0,0,0,0
179,rarely,,0,0,0,0,0,0,0
180,maybe,,0,0,0,0,0,0,0
181,breaking,,0,0,0,0,0,0,0
182,putting,,0,0,0,0,0,0,0
183,pull,,0,0,0,0,0,0,0
184,bigger,,0,0,0,0,0,0,0
185,loop,,0,0,0,0,0,0,0
186,attached,,0,0,0,0,0,0,0
187,thong,,0,0,0,0,0,0,0
188,heel,,0,0,0,0,0,0,0
189,looking,,0,0,0,0,0,0,0
190,sizes,,0,0,0,0,0,0,0
191,loooove,,0,0,0,0,0,0,0
192,fit,,1,2,0.914286,0.953125,13.592593,0.038128,0.762097
193,amazing,,0,0,0,0,0,0,0
194,embarrassed,,0,0,0,0,0,0,0
195,say,,0,0,0,0,0,0,0
196,lately,,0,0,0,0,0,0,0
197,complaint,,0,0,0,0,0,0,0
198,goes,,0,0,0,0,0,0,0
199,cuts,,0,0,0,0,0,0,0
200,overall,,0,0,0,0,0,0,0
201,tho,,0,0,0,0,0,0,0
202,office,,0,0,0,0,0,0,0
203,dress,,0,0,0,0,0,0,0
204,code,,0,0,0,0,0,0,0
205,unless,,0,0,0,0,0,0,0
206,totally,,0,0,0,0,0,0,0
207,fabric,,0,0,0,0,0,0,0
208,pretty,,0,0,0,0,0,0,0
209,stretchy,,0,0,0,0,0,0,0
210,past,,0,0,0,0,0,0,0
211,weeks,,0,0,0,0,0,0,0
212,short,,0,0,0,0,0,0,0
213,errands,,0,0,0,0,0,0,0
214,sitting,,0,0,0,0,0,0,0
215,problem,,0,0,0,0,0,0,0
216,usual,,0,0,0,0,0,0,0
217,thing,,0,0,0,0,0,0,0
218,slide,,0,0,0,0,0,0,0
219,driving,,0,0,0,0,0,0,0
220,matches,,0,0,0,0,0,0,0
221,amazon,,0,0,0,0,0,0,0
222,far,,0,0,0,0,0,0,0
223,material,,0,0,0,0,0,0,0
224,doesnt,,0,0,0,0,0,0,0
225,make,,0,0,0,0,0,0,0
226,sore,,0,0,0,0,0,0,0
227,trying,,0,0,0,0,0,0,0
228,pregnant,,0,0,0,0,0,0,0
229,styles,,0,0,0,0,0,0,0
230,sanuk,,0,0,0,0,0,0,0
231,prefer,,0,0,0,0,0,0,0
232,footbed,,0,0,0,0,0,0,0
233,comparison,,0,0,0,0,0,0,0
234,probably,,0,0,0,0,0,0,0
235,kept,,0,0,0,0,0,0,0
236,band,,0,0,0,0,0,0,0
237,left,,0,0,0,0,0,0,0
238,deep,,0,0,0,0,0,0,0
239,major,,0,0,0,0,0,0,0
240,plantar,,0,0,0,0,0,0,0
241,year,,0,0,0,0,0,0,0
242,yesterday,,0,0,0,0,0,0,0
243,hope,,0,0,0,0,0,0,0
244,yoga,,0,0,0,0,0,0,0
245,soon,,0,0,0,0,0,0,0
246,excellent,,0,0,0,0,0,0,0
247,hopefully,,0,0,0,0,0,0,0
248,proud,,0,0,0,0,0,0,0
249,owner,,0,0,0,0,0,0,0
250,second,,0,0,0,0,0,0,0
251,ordered,,1,2,0.695652,0.78125,1.799093,0.027083,0.88587
252,color,,0,0,0,0,0,0,0
253,version,,0,0,0,0,0,0,0
254,want,,0,0,0,0,0,0,0
255,extra,,0,0,0,0,0,0,0
256,room,,0,0,0,0,0,0,0
257,dangerous,,0,0,0,0,0,0,0
258,way,,0,0,0,0,0,0,0
259,tad,,0,0,0,0,0,0,0
260,snugger,,0,0,0,0,0,0,0
261,normally,,0,0,0,0,0,0,0
262,thongs,,0,0,0,0,0,0,0
263,arches,,0,0,0,0,0,0,0
264,mat,,0,0,0,0,0,0,0
265,conform,,0,0,0,0,0,0,0
266,nicely,,0,0,0,0,0,0,0
267,flexible,,0,0,0,0,0,0,0
268,irritation,,0,0,0,0,0,0,0
269,usually,,0,0,0,0,0,0,0
270,awesome,,0,0,0,0,0,0,0
271,able,,0,0,0,0,0,0,0
272,keen,,0,0,0,0,0,0,0
273,cloth,,0,0,0,0,0,0,0
274,tolerable,,0,0,0,0,0,0,0
275,nice,,0,2,0.820513,0.890625,5.035416,0.026578,0.805556
276,times,,0,0,0,0,0,0,0
277,shape,,0,0,0,0,0,0,0
278,air,,0,0,0,0,0,0,0
279,highly,,0,0,0,0,0,0,0
280,hairdresser,,0,0,0,0,0,0,0
281,told,,0,0,0,0,0,0,0
282,came,,0,0,0,0,0,0,0
283,home,,0,0,0,0,0,0,0
284,looked,,0,0,0,0,0,0,0
285,days,,0,0,0,0,0,0,0
286,sensitive,,0,0,0,0,0,0,0
287,amazingly,,0,0,0,0,0,0,0
288,rest,,0,0,0,0,0,0,0
289,tricky,,0,0,0,0,0,0,0
290,figure,,0,0,0,0,0,0,0
291,daughter,,2,2,0.8,0.875,4.769528,0.028741,0.84188
292,loves,,2,2,0.820513,0.890625,3.236802,0.025806,0.833333
293,bulky,,0,0,0,0,0,0,0
294,multi,,0,0,0,0,0,0,0
295,softer,,0,0,0,0,0,0,0
296,returned,,0,0,0,0,0,0,0
297,hold,,0,0,0,0,0,0,0
298,place,,0,0,0,0,0,0,0
299,falling,,0,0,0,0,0,0,0
300,feels,,0,0,0,0,0,0,0
301,cheap,,0,0,0,0,0,0,0
302,ripping,,0,0,0,0,0,0,0
303,saw,,0,0,0,0,0,0,0
304,friend,,0,0,0,0,0,0,0
305,solid,,0,0,0,0,0,0,0
306,covering,,0,0,0,0,0,0,0
307,dig,,0,0,0,0,0,0,0
308,mind,,0,0,0,0,0,0,0
309,walked,,0,0,0,0,0,0,0
310,miles,,0,0,0,0,0,0,0
311,week,,0,0,0,0,0,0,0
312,discovered,,0,0,0,0,0,0,0
313,mile,,0,0,0,0,0,0,0
314,br,,0,0,0,0,0,0,0
315,star,,0,0,0,0,0,0,0
316,comes,,0,0,0,0,0,0,0
317,black,,0,0,0,0,0,0,0
318,fell,,0,0,0,0,0,0,0
319,wonderfully,,0,0,0,0,0,0,0
320,longer,,0,0,0,0,0,0,0
321,couple,,0,0,0,0,0,0,0
322,wide,,1,2,0.780488,0.859375,5.399472,0.03017,0.809524
323,alternative,,0,0,0,0,0,0,0
324,plain,,0,0,0,0,0,0,0
325,water,,0,0,0,0,0,0,0
326,everyday,,0,0,0,0,0,0,0
327,class,,0,0,0,0,0,0,0
328,running,,0,0,0,0,0,0,0
329,soooo,,0,0,0,0,0,0,0
330,stay,,0,0,0,0,0,0,0
331,unlike,,0,0,0,0,0,0,0
332,easily,,0,0,0,0,0,0,0
333,large,,0,0,0,0,0,0,0
334,perfectly,,0,0,0,0,0,0,0
335,matter,,0,0,0,0,0,0,0
336,barely,,0,0,0,0,0,0,0
337,funny,,0,0,0,0,0,0,0
338,sock,,0,0,0,0,0,0,0
339,omg,,0,0,0,0,0,0,0
340,heaven,,0,0,0,0,0,0,0
341,footwear,,0,0,0,0,0,0,0
342,brand,,0,0,0,0,0,0,0
343,went,,0,0,0,0,0,0,0
344,trip,,0,0,0,0,0,0,0
345,vegas,,0,0,0,0,0,0,0
346,end,,0,0,0,0,0,0,0
347,whatsoever,,0,0,0,0,0,0,0
348,seriously,,0,0,0,0,0,0,0
349,travel,,0,0,0,0,0,0,0
350,bag,,0,0,0,0,0,0,0
351,stylish,,0,0,0,0,0,0,0
352,standard,,0,0,0,0,0,0,0
353,true,,0,0,0,0,0,0,0
354,looks,,0,0,0,0,0,0,0
355,good,,0,1,1,1,15.006417,0.036057,0.761089
356,neuropathy,,0,0,0,0,0,0,0
357,insoles,,0,0,0,0,0,0,0
358,hard,,0,0,0,0,0,0,0
359,keeps,,0,0,0,0,0,0,0
360,comparable,,0,0,0,0,0,0,0
361,best,,0,0,0,0,0,0,0
362,relatively,,0,0,0,0,0,0,0
363,rubbed,,0,0,0,0,0,0,0
364,constantly,,0,0,0,0,0,0,0
365,eventually,,0,0,0,0,0,0,0
366,gave,,0,0,0,0,0,0,0
367,blisters,,0,0,0,0,0,0,0
368,glad,,0,0,0,0,0,0,0
369,purchased,,0,0,0,0,0,0,0
370,liked,,0,0,0,0,0,0,0
371,thicker,,0,0,0,0,0,0,0
372,gives,,0,0,0,0,0,0,0
373,suffer,,0,0,0,0,0,0,0
374,affordable,,0,0,0,0,0,0,0
375,month,,0,0,0,0,0,0,0
376,use,,0,0,0,0,0,0,0
377,bed,,0,0,0,0,0,0,0
378,starting,,0,0,0,0,0,0,0
379,disappointing,,0,0,0,0,0,0,0
380,hoping,,0,0,0,0,0,0,0
381,touch,,0,0,0,0,0,0,0
382,reported,,0,0,0,0,0,0,0
383,reviewers,,0,0,0,0,0,0,0
384,used,,0,0,0,0,0,0,0
385,tighter,,0,0,0,0,0,0,0
386,fits,,0,0,0,0,0,0,0
387,types,,0,0,0,0,0,0,0
388,backs,,0,0,0,0,0,0,0
389,surgery,,0,0,0,0,0,0,0
390,years,,0,0,0,0,0,0,0
391,boy,,0,0,0,0,0,0,0
392,let,,0,0,0,0,0,0,0
393,tell,,0,0,0,0,0,0,0
394,huge,,0,0,0,0,0,0,0
395,difference,,0,0,0,0,0,0,0
396,white,,0,0,0,0,0,0,0
397,swell,,0,0,0,0,0,0,0
398,miracle,,0,0,0,0,0,0,0
399,lightweight,,0,0,0,0,0,0,0
400,lack,,0,0,0,0,0,0,0
401,beginning,,0,0,0,0,0,0,0
402,beautiful,,0,0,0,0,0,0,0
403,ordinary,,0,0,0,0,0,0,0
404,service,,0,0,0,0,0,0,0
405,house,,0,0,0,0,0,0,0
406,barefoot,,0,0,0,0,0,0,0
407,comfortably,,0,0,0,0,0,0,0
408,area,,0,0,0,0,0,0,0
409,brace,,0,0,0,0,0,0,0
410,picky,,0,0,0,0,0,0,0
411,height,,0,0,0,0,0,0,0
412,stretch,,0,0,0,0,0,0,0
413,loose,,0,0,0,0,0,0,0
414,changes,,0,0,0,0,0,0,0
415,adds,,0,0,0,0,0,0,0
416,significant,,0,0,0,0,0,0,0
417,tiny,,0,0,0,0,0,0,0
418,difficulty,,0,0,0,0,0,0,0
419,beach,,0,0,0,0,0,0,0
420,pool,,0,0,0,0,0,0,0
421,street,,0,0,0,0,0,0,0
422,provide,,0,0,0,0,0,0,0
423,smart,,0,0,0,0,0,0,0
424,offered,,0,0,0,0,0,0,0
425,multicolor,,0,0,0,0,0,0,0
426,mens,,0,0,0,0,0,0,0
427,men,,0,0,0,0,0,0,0
428,wanted,,0,0,0,0,0,0,0
429,husband,,0,0,0,0,0,0,0
430,stability,,0,0,0,0,0,0,0
431,flat,,0,0,0,0,0,0,0
432,tends,,0,0,0,0,0,0,0
433,orthopedic,,0,0,0,0,0,0,0
434,steps,,0,0,0,0,0,0,0
435,basic,,0,0,0,0,0,0,0
436,supporting,,0,0,0,0,0,0,0
437,slip,,0,0,0,0,0,0,0
438,awkward,,0,0,0,0,0,0,0
439,spots,,0,0,0,0,0,0,0
440,youre,,0,0,0,0,0,0,0
441,example,,0,0,0,0,0,0,0
442,wife,,0,0,0,0,0,0,0
443,pleased,,0,0,0,0,0,0,0
444,slips,,0,0,0,0,0,0,0
445,literally,,0,0,0,0,0,0,0
446,actual,,0,0,0,0,0,0,0
447,stand,,0,0,0,0,0,0,0
448,bother,,0,0,0,0,0,0,0
449,light,,0,0,0,0,0,0,0
450,weight,,0,0,0,0,0,0,0
451,hardly,,0,0,0,0,0,0,0
452,squishy,,0,0,0,0,0,0,0
453,periods,,0,0,0,0,0,0,0
454,casual,,0,0,0,0,0,0,0
455,slightly,,0,0,0,0,0,0,0
456,noticeable,,0,0,0,0,0,0,0
457,noise,,0,0,0,0,0,0,0
458,shoesandal,,0,0,0,0,0,0,0
459,conforms,,0,0,0,0,0,0,0
460,making,,0,0,0,0,0,0,0
461,flipflop,,0,0,0,0,0,0,0
462,thinks,,0,0,0,0,0,0,0
463,snug,,0,0,0,0,0,0,0
464,terribly,,0,0,0,0,0,0,0
465,actually,,0,0,0,0,0,0,0
466,caught,,0,0,0,0,0,0,0
467,throw,,0,0,0,0,0,0,0
468,forward,,0,0,0,0,0,0,0
469,stayed,,0,0,0,0,0,0,0
470,took,,0,0,0,0,0,0,0
471,sent,,0,0,0,0,0,0,0
472,allow,,0,0,0,0,0,0,0
473,happen,,0,0,0,0,0,0,0
474,turn,,0,0,0,0,0,0,0
475,inward,,0,0,0,0,0,0,0
476,problems,,0,0,0,0,0,0,0
477,heels,,0,0,0,0,0,0,0
478,plan,,0,0,0,0,0,0,0
479,standing,,0,0,0,0,0,0,0
480,edge,,0,0,0,0,0,0,0
481,wouldnt,,0,0,0,0,0,0,0
482,unable,,0,0,0,0,0,0,0
483,received,,0,0,0,0,0,0,0
484,promised,,0,0,0,0,0,0,0
485,business,,0,0,0,0,0,0,0
486,seller,,0,0,0,0,0,0,0
487,cushion,,0,0,0,0,0,0,0
488,leave,,0,0,0,0,0,0,0
489,clothes,,0,0,0,0,0,0,0
490,fast,,0,0,0,0,0,0,0
491,life,,0,0,0,0,0,0,0
492,backup,,0,0,0,0,0,0,0
493,happens,,0,0,0,0,0,0,0
494,wrapped,,0,0,0,0,0,0,0
495,shes,,0,0,0,0,0,0,0
496,skecher,,0,0,0,0,0,0,0
497,sneakers,,0,0,0,0,0,0,0
498,surprised,,0,0,0,0,0,0,0
499,update,,0,0,0,0,0,0,0
500,missed,,0,0,0,0,0,0,0
501,return,,0,0,0,0,0,0,0
502,date,,0,0,0,0,0,0,0
503,stuck,,0,0,0,0,0,0,0
504,poor,,0,0,0,0,0,0,0
505,quality,,0,0,0,0,0,0,0
506,customer,,0,0,0,0,0,0,0
507,extremely,,0,0,0,0,0,0,0
508,lovely,,0,0,0,0,0,0,0
509,absolutely,,0,0,0,0,0,0,0
510,sandles,,0,0,0,0,0,0,0
511,type,,0,0,0,0,0,0,0
512,chafe,,0,0,0,0,0,0,0
513,holds,,0,0,0,0,0,0,0
514,technically,,0,0,0,0,0,0,0
515,pass,,0,0,0,0,0,0,0
516,formal,,0,0,0,0,0,0,0
517,needs,,0,0,0,0,0,0,0
518,forces,,0,0,0,0,0,0,0
519,platform,,0,0,0,0,0,0,0
520,having,,0,0,0,0,0,0,0
521,wonder,,0,0,0,0,0,0,0
522,cause,,0,0,0,0,0,0,0
523,pressure,,0,0,0,0,0,0,0
524,press,,0,0,0,0,0,0,0
525,town,,0,0,0,0,0,0,0
526,key,,0,0,0,0,0,0,0
527,piece,,0,0,0,0,0,0,0
528,uncomfortable,,0,0,0,0,0,0,0
529,cali,,0,0,0,0,0,0,0
530,womens,,0,0,0,0,0,0,0
531,oh,,0,0,0,0,0,0,0
532,owned,,0,0,0,0,0,0,0
533,case,,0,0,0,0,0,0,0
534,comfortablei,,0,0,0,0,0,0,0
535,shoesi,,0,0,0,0,0,0,0
536,warm,,0,0,0,0,0,0,0
537,marshmallows,,0,0,0,0,0,0,0
538,course,,0,0,0,0,0,0,0
539,rise,,0,0,0,0,0,0,0
540,ready,,0,0,0,0,0,0,0
541,needed,,0,0,0,0,0,0,0
542,strange,,0,0,0,0,0,0,0
543,comments,,0,0,0,0,0,0,0
544,thanks,,0,0,0,0,0,0,0
545,shipping,,0,0,0,0,0,0,0
546,pictured,,0,0,0,0,0,0,0
547,ill,,0,0,0,0,0,0,0
548,cushions,,0,0,0,0,0,0,0
549,getting,,0,0,0,0,0,0,0
550,chance,,0,0,0,0,0,0,0
551,wait,,0,0,0,0,0,0,0
552,weather,,0,0,0,0,0,0,0
553,allows,,0,0,0,0,0,0,0
554,round,,0,0,0,0,0,0,0
555,base,,0,0,0,0,0,0,0
556,pronounced,,0,0,0,0,0,0,0
557,sorry,,0,0,0,0,0,0,0
558,send,,0,0,0,0,0,0,0
559,wont,,0,0,0,0,0,0,0
560,fall,,0,0,0,0,0,0,0
561,ordering,,0,0,0,0,0,0,0
562,special,,0,0,0,0,0,0,0
563,classroom,,0,0,0,0,0,0,0
564,allowed,,0,0,0,0,0,0,0
565,minutes,,0,0,0,0,0,0,0
566,knot,,0,0,0,0,0,0,0
567,quickly,,0,0,0,0,0,0,0
568,away,,0,0,0,0,0,0,0
569,bothered,,0,0,0,0,0,0,0
570,commercial,,0,0,0,0,0,0,0
571,suspect,,0,0,0,0,0,0,0
572,peoples,,0,0,0,0,0,0,0
573,depending,,0,0,0,0,0,0,0
574,width,,0,0,0,0,0,0,0
575,minor,,0,0,0,0,0,0,0
576,sit,,0,0,0,0,0,0,0
577,correctly,,0,0,0,0,0,0,0
578,people,,0,0,0,0,0,0,0
579,insert,,0,0,0,0,0,0,0
580,mall,,0,0,0,0,0,0,0
581,dog,,0,0,0,0,0,0,0
582,plus,,0,0,0,0,0,0,0
583,trendy,,0,0,0,0,0,0,0
584,disney,,0,0,0,0,0,0,0
585,world,,0,0,0,0,0,0,0
586,trick,,0,0,0,0,0,0,0
587,today,,0,0,0,0,0,0,0
588,dressy,,0,0,0,0,0,0,0
589,wearings,,0,0,0,0,0,0,0
590,okay,,0,0,0,0,0,0,0
591,outside,,0,0,0,0,0,0,0
592,ones,,0,0,0,0,0,0,0
593,keeping,,0,0,0,0,0,0,0
594,quick,,0,0,0,0,0,0,0
595,offer,,0,0,0,0,0,0,0
596,terrible,,0,0,0,0,0,0,0
597,indoors,,0,0,0,0,0,0,0
598,gone,,0,0,0,0,0,0,0
599,normal,,0,0,0,0,0,0,0
600,floppy,,0,0,0,0,0,0,0
601,guess,,0,0,0,0,0,0,0
602,try,,0,0,0,0,0,0,0
603,expensive,,0,0,0,0,0,0,0
604,construction,,0,0,0,0,0,0,0
605,makes,,0,0,0,0,0,0,0
606,theres,,0,0,0,0,0,0,0
607,tend,,0,0,0,0,0,0,0
608,avoid,,0,0,0,0,0,0,0
609,speak,,0,0,0,0,0,0,0
610,considered,,0,0,0,0,0,0,0
611,cushiony,,0,0,0,0,0,0,0
612,likely,,0,0,0,0,0,0,0
613,run,,0,0,0,0,0,0,0
614,range,,0,0,0,0,0,0,0
615,uneven,,0,0,0,0,0,0,0
616,ground,,0,0,0,0,0,0,0
617,believe,,0,0,0,0,0,0,0
618,break,,0,0,0,0,0,0,0
619,terrific,,0,0,0,0,0,0,0
620,appear,,0,0,0,0,0,0,0
621,sizing,,0,0,0,0,0,0,0
622,rigid,,0,0,0,0,0,0,0
623,sound,,0,0,0,0,0,0,0
624,golden,,0,0,0,0,0,0,0
625,points,,0,0,0,0,0,0,0
626,tired,,0,0,0,0,0,0,0
627,dirty,,0,0,0,0,0,0,0
628,wash,,0,0,0,0,0,0,0
629,selection,,0,0,0,0,0,0,0
630,offers,,0,0,0,0,0,0,0
631,gray,,0,0,0,0,0,0,0
632,excited,,0,0,0,0,0,0,0
633,instant,,0,0,0,0,0,0,0
634,ago,,0,0,0,0,0,0,0
635,disappoint,,0,0,0,0,0,0,0
636,capris,,0,0,0,0,0,0,0
637,sundress,,0,0,0,0,0,0,0
638,versatile,,0,0,0,0,0,0,0
639,gorgeous,,0,0,0,0,0,0,0
640,reasonably,,0,0,0,0,0,0,0
641,arent,,0,0,0,0,0,0,0
642,suitable,,0,0,0,0,0,0,0
643,target,,0,0,0,0,0,0,0
644,sounds,,0,0,0,0,0,0,0
645,means,,0,0,0,0,0,0,0
646,hits,,0,0,0,0,0,0,0
647,cushioning,,0,0,0,0,0,0,0
648,bc,,0,0,0,0,0,0,0
649,squished,,0,0,0,0,0,0,0
650,somewhat,,0,0,0,0,0,0,0
651,scratchy,,0,0,0,0,0,0,0
652,extended,,0,0,0,0,0,0,0
653,gym,,0,0,0,0,0,0,0
654,school,,0,0,0,0,0,0,0
655,described,,0,0,0,0,0,0,0
656,sooo,,0,0,0,0,0,0,0
657,unique,,0,0,0,0,0,0,0
658,pattern,,0,0,0,0,0,0,0
659,daily,,0,0,0,0,0,0,0
660,hoped,,0,0,0,0,0,0,0
661,similar,,0,0,0,0,0,0,0
662,narrow,,0,0,0,0,0,0,0
663,foam,,0,0,0,0,0,0,0
664,memory,,0,0,0,0,0,0,0
665,added,,0,0,0,0,0,0,0
666,grip,,0,0,0,0,0,0,0
667,sloppy,,0,0,0,0,0,0,0
668,sporty,,0,0,0,0,0,0,0
669,reviewing,,0,0,0,0,0,0,0
670,earlier,,0,0,0,0,0,0,0
671,models,,0,0,0,0,0,0,0
672,lift,,0,0,0,0,0,0,0
673,older,,0,0,0,0,0,0,0
674,tore,,0,0,0,0,0,0,0
675,paying,,0,0,0,0,0,0,0
676,window,,0,0,0,0,0,0,0
677,closed,,0,0,0,0,0,0,0
678,bad,,0,0,0,0,0,0,0
679,waste,,0,0,0,0,0,0,0
680,money,,0,0,0,0,0,0,0
681,em,,0,0,0,0,0,0,0
682,likes,,0,0,0,0,0,0,0
683,guys,,0,0,0,0,0,0,0
684,te,,0,0,0,0,0,0,0
685,squeak,,0,0,0,0,0,0,0
686,kind,,0,0,0,0,0,0,0
687,online,,0,0,0,0,0,0,0
688,replacing,,0,0,0,0,0,0,0
689,season,,0,0,0,0,0,0,0
690,beats,,0,0,0,0,0,0,0
691,competition,,0,0,0,0,0,0,0
692,hands,,0,0,0,0,0,0,0
693,live,,0,0,0,0,0,0,0
694,sister,,0,0,0,0,0,0,0
695,favourite,,0,0,0,0,0,0,0
696,arrived,,0,0,0,0,0,0,0
697,original,,0,0,0,0,0,0,0
698,feminine,,0,0,0,0,0,0,0
699,liking,,0,0,0,0,0,0,0
700,uber,,0,0,0,0,0,0,0
701,girly,,0,0,0,0,0,0,0
702,appearance,,0,0,0,0,0,0,0
703,wedges,,0,0,0,0,0,0,0
704,loosen,,0,0,0,0,0,0,0
705,covered,,0,0,0,0,0,0,0
706,idea,,0,0,0,0,0,0,0
707,returning,,0,0,0,0,0,0,0
708,chunky,,0,0,0,0,0,0,0
709,brown,,0,0,0,0,0,0,0
710,recommended,,0,0,0,0,0,0,0
711,fan,,0,0,0,0,0,0,0
712,picture,,0,0,0,0,0,0,0
713,sexy,,0,0,0,0,0,0,0
714,period,,0,0,0,0,0,0,0
715,opening,,0,0,0,0,0,0,0
716,smell,,0,0,0,0,0,0,0
717,rubbing,,0,0,0,0,0,0,0
718,come,,0,0,0,0,0,0,0
719,upcoming,,0,0,0,0,0,0,0
720,cruise,,0,0,0,0,0,0,0
721,stands,,0,0,0,0,0,0,0
722,correct,,0,0,0,0,0,0,0
723,hang,,0,0,0,0,0,0,0
724,sides,,0,0,0,0,0,0,0
725,inch,,0,0,0,0,0,0,0
726,additional,,0,0,0,0,0,0,0
727,gel,,0,0,0,0,0,0,0
728,pads,,0,0,0,0,0,0,0
729,available,,0,0,0,0,0,0,0
730,occasions,,0,0,0,0,0,0,0
731,sooooo,,0,0,0,0,0,0,0
732,comfortablebr,,0,0,0,0,0,0,0
733,winner,,0,0,0,0,0,0,0
734,tan,,0,0,0,0,0,0,0
735,exactly,,0,0,0,0,0,0,0
736,heat,,0,0,0,0,0,0,0
737,giving,,0,0,0,0,0,0,0
738,wider,,0,0,0,0,0,0,0
739,cushioned,,0,0,0,0,0,0,0
740,hated,,0,0,0,0,0,0,0
741,realize,,0,0,0,0,0,0,0
742,outdoor,,0,0,0,0,0,0,0
743,wedding,,0,0,0,0,0,0,0
744,stable,,0,0,0,0,0,0,0
745,areas,,0,0,0,0,0,0,0
746,total,,0,0,0,0,0,0,0
747,sparkle,,0,0,0,0,0,0,0
748,danced,,0,0,0,0,0,0,0
749,night,,0,0,0,0,0,0,0
750,reading,,0,0,0,0,0,0,0
751,reviews,,0,0,0,0,0,0,0
752,instead,,0,0,0,0,0,0,0
753,fun,,0,0,0,0,0,0,0
754,outfit,,0,0,0,0,0,0,0
755,fabulous,,0,0,0,0,0,0,0
756,flattering,,0,0,0,0,0,0,0
757,wedge,,0,0,0,0,0,0,0
758,soul,,0,0,0,0,0,0,0
759,delivered,,0,0,0,0,0,0,0
760,colour,,0,0,0,0,0,0,0
761,hanging,,0,0,0,0,0,0,0
762,begin,,0,0,0,0,0,0,0
763,chose,,0,0,0,0,0,0,0
764,based,,0,0,0,0,0,0,0
765,description,,0,0,0,0,0,0,0
766,shorts,,0,0,0,0,0,0,0
767,dresses,,0,0,0,0,0,0,0
768,thembr,,0,0,0,0,0,0,0
769,shipment,,0,0,0,0,0,0,0
770,leather,,0,0,0,0,0,0,0
771,awhile,,0,0,0,0,0,0,0
772,mom,,0,0,0,0,0,0,0
773,durable,,0,0,0,0,0,0,0
774,fitting,,0,0,0,0,0,0,0
775,broke,,0,0,0,0,0,0,0
776,unhappy,,0,0,0,0,0,0,0
777,tops,,0,0,0,0,0,0,0
778,wears,,0,0,0,0,0,0,0
779,skin,,0,0,0,0,0,0,0
780,rough,,0,0,0,0,0,0,0
781,gets,,0,0,0,0,0,0,0
782,model,,0,0,0,0,0,0,0
783,pinched,,0,0,0,0,0,0,0
784,previously,,0,0,0,0,0,0,0
785,cut,,0,0,0,0,0,0,0
786,required,,0,0,0,0,0,0,0
787,saturday,,0,0,0,0,0,0,0
788,cheaper,,0,0,0,0,0,0,0
789,prime,,0,0,0,0,0,0,0
790,pay,,0,0,0,0,0,0,0
791,attention,,0,0,0,0,0,0,0
792,feedback,,0,0,0,0,0,0,0
793,cutting,,0,0,0,0,0,0,0
794,package,,0,0,0,0,0,0,0
795,thank,,0,0,0,0,0,0,0
796,heavier,,0,0,0,0,0,0,0
797,impressed,,0,0,0,0,0,0,0
798,wished,,0,0,0,0,0,0,0
799,jeans,,0,0,0,0,0,0,0
800,maxi,,0,0,0,0,0,0,0
801,runs,,0,0,0,0,0,0,0
802,rhinestones,,0,0,0,0,0,0,0
803,saying,,0,0,0,0,0,0,0
804,thinking,,0,0,0,0,0,0,0
805,attractive,,0,0,0,0,0,0,0
806,followed,,0,0,0,0,0,0,0
807,suggestion,,0,0,0,0,0,0,0
808,store,,0,0,0,0,0,0,0
809,write,,0,0,0,0,0,0,0
810,stiff,,0,0,0,0,0,0,0
811,werent,,0,0,0,0,0,0,0
812,skinny,,0,0,0,0,0,0,0
813,sad,,0,0,0,0,0,0,0
814,review,,0,0,0,0,0,0,0
815,receive,,0,0,0,0,0,0,0
816,worked,,0,0,0,0,0,0,0
817,doable,,0,0,0,0,0,0,0
818,typically,,0,0,0,0,0,0,0
819,start,,0,0,0,0,0,0,0
820,fix,,0,0,0,0,0,0,0
821,issue,,0,0,0,0,0,0,0
822,pulled,,0,0,0,0,0,0,0
823,completely,,0,0,0,0,0,0,0
824,products,,0,0,0,0,0,0,0
825,advertised,,0,0,0,0,0,0,0
826,useless,,0,0,0,0,0,0,0
827,non,,0,0,0,0,0,0,0
828,post,,0,0,0,0,0,0,0
829,favor,,0,0,0,0,0,0,0
830,nature,,0,0,0,0,0,0,0
831,yard,,0,0,0,0,0,0,0
832,design,,0,0,0,0,0,0,0
833,ankle,,0,0,0,0,0,0,0
834,pillows,,0,0,0,0,0,0,0
835,wasnt,,0,0,0,0,0,0,0
836,thrilled,,0,0,0,0,0,0,0
837,painful,,0,0,0,0,0,0,0
838,tough,,0,0,0,0,0,0,0
839,red,,0,0,0,0,0,0,0
840,mark,,0,0,0,0,0,0,0
841,sandle,,0,0,0,0,0,0,0
842,healing,,0,0,0,0,0,0,0
843,marks,,0,0,0,0,0,0,0
844,healed,,0,0,0,0,0,0,0
845,pairbr,,0,0,0,0,0,0,0
846,sold,,0,0,0,0,0,0,0
847,biggest,,0,0,0,0,0,0,0
848,floor,,0,0,0,0,0,0,0
849,balance,,0,0,0,0,0,0,0
850,soooooo,,0,0,0,0,0,0,0
851,mother,,0,0,0,0,0,0,0
852,locally,,0,0,0,0,0,0,0
853,trouble,,0,0,0,0,0,0,0
854,generally,,0,0,0,0,0,0,0
855,switch,,0,0,0,0,0,0,0
856,particularly,,0,0,0,0,0,0,0
857,pants,,0,0,0,0,0,0,0
858,classy,,0,0,0,0,0,0,0
859,women,,0,0,0,0,0,0,0
860,ask,,0,0,0,0,0,0,0
861,worried,,0,0,0,0,0,0,0
862,roomy,,0,0,0,0,0,0,0
863,leg,,0,0,0,0,0,0,0
864,taller,,0,0,0,0,0,0,0
865,tall,,0,0,0,0,0,0,0
866,amazed,,0,0,0,0,0,0,0
867,stretches,,0,0,0,0,0,0,0
868,constant,,0,0,0,0,0,0,0
869,worry,,0,0,0,0,0,0,0
870,rolling,,0,0,0,0,0,0,0
871,ankles,,0,0,0,0,0,0,0
872,priced,,0,0,0,0,0,0,0
873,helps,,0,0,0,0,0,0,0
874,padding,,0,0,0,0,0,0,0
875,typical,,0,0,0,0,0,0,0
876,close,,0,0,0,0,0,0,0
877,socks,,0,0,0,0,0,0,0
878,washer,,0,0,0,0,0,0,0
879,damaged,,0,0,0,0,0,0,0
880,notice,,0,0,0,0,0,0,0
881,possible,,0,0,0,0,0,0,0
882,breakin,,0,0,0,0,0,0,0
883,job,,0,0,0,0,0,0,0
884,teacher,,0,0,0,0,0,0,0
885,important,,0,0,0,0,0,0,0
886,bone,,0,0,0,0,0,0,0
887,spurs,,0,0,0,0,0,0,0
888,weave,,0,0,0,0,0,0,0
889,space,,0,0,0,0,0,0,0
890,refund,,0,0,0,0,0,0,0
891,odor,,0,0,0,0,0,0,0
892,penny,,0,0,0,0,0,0,0
893,dissatisfied,,0,0,0,0,0,0,0
894,began,,0,0,0,0,0,0,0
895,rate,,0,0,0,0,0,0,0
896,zero,,0,0,0,0,0,0,0
897,higher,,0,0,0,0,0,0,0
898,ages,,0,0,0,0,0,0,0
899,swelling,,0,0,0,0,0,0,0
900,camper,,0,0,0,0,0,0,0
901,flats,,0,0,0,0,0,0,0
902,slipped,,0,0,0,0,0,0,0
903,silver,,0,0,0,0,0,0,0
904,tread,,0,0,0,0,0,0,0
905,slippery,,0,0,0,0,0,0,0
906,appropriate,,0,0,0,0,0,0,0
907,glittery,,0,0,0,0,0,0,0
908,box,,0,0,0,0,0,0,0
909,forever,,0,0,0,0,0,0,0
910,theses,,0,0,0,0,0,0,0
911,factory,,0,0,0,0,0,0,0
912,suggest,,0,0,0,0,0,0,0
913,yes,,0,0,0,0,0,0,0
914,lunch,,0,0,0,0,0,0,0
915,bernie,,0,0,0,0,0,0,0
916,aside,,0,0,0,0,0,0,0
917,accommodate,,0,0,0,0,0,0,0
918,squeezed,,0,0,0,0,0,0,0
919,wouldve,,0,0,0,0,0,0,0
920,pricing,,0,0,0,0,0,0,0
921,exchange,,0,0,0,0,0,0,0
922,spare,,0,0,0,0,0,0,0
923,personally,,0,0,0,0,0,0,0
924,average,,0,0,0,0,0,0,0
925,glove,,0,0,0,0,0,0,0
926,bounce,,0,0,0,0,0,0,0
927,fashionable,,0,0,0,0,0,0,0
928,finding,,0,0,0,0,0,0,0
929,discontinued,,0,0,0,0,0,0,0
930,heal,,0,0,0,0,0,0,0
931,pops,,0,0,0,0,0,0,0
932,arrive,,0,0,0,0,0,0,0
933,hurting,,0,0,0,0,0,0,0
934,helped,,0,0,0,0,0,0,0
935,god,,0,0,0,0,0,0,0
936,skirts,,0,0,0,0,0,0,0
937,known,,0,0,0,0,0,0,0
938,athletic,,0,0,0,0,0,0,0
939,friday,,0,0,0,0,0,0,0
940,finally,,0,0,0,0,0,0,0
941,slides,,0,0,0,0,0,0,0
942,leaves,,0,0,0,0,0,0,0
943,circulation,,0,0,0,0,0,0,0
944,esp,,0,0,0,0,0,0,0
945,covers,,0,0,0,0,0,0,0
946,looser,,0,0,0,0,0,0,0
947,surgeries,,0,0,0,0,0,0,0
948,result,,0,0,0,0,0,0,0
949,working,,0,0,0,0,0,0,0
950,compare,,0,0,0,0,0,0,0
951,particular,,0,0,0,0,0,0,0
952,choices,,0,0,0,0,0,0,0
953,shopping,,0,0,0,0,0,0,0
954,smooth,,0,0,0,0,0,0,0
955,natural,,0,0,0,0,0,0,0
956,threads,,0,0,0,0,0,0,0
957,vibrant,,0,0,0,0,0,0,0
958,multicolored,,0,0,0,0,0,0,0
959,care,,0,0,0,0,0,0,0
960,old,,0,0,0,0,0,0,0
961,supportive,,0,0,0,0,0,0,0
962,wet,,0,0,0,0,0,0,0
963,achilles,,0,0,0,0,0,0,0
964,thinner,,0,0,0,0,0,0,0
965,insole,,0,0,0,0,0,0,0
966,form,,0,0,0,0,0,0,0
967,young,,0,0,0,0,0,0,0
968,directly,,0,0,0,0,0,0,0
969,peep,,0,0,0,0,0,0,0
970,pushed,,0,0,0,0,0,0,0
971,squeeze,,0,0,0,0,0,0,0
972,woven,,0,0,0,0,0,0,0
973,photo,,0,0,0,0,0,0,0
974,asked,,0,0,0,0,0,0,0
975,colder,,0,0,0,0,0,0,0
976,remember,,0,0,0,0,0,0,0
977,glitter,,0,0,0,0,0,0,0
978,upset,,0,0,0,0,0,0,0
979,items,,0,0,0,0,0,0,0
980,advice,,0,0,0,0,0,0,0
981,doubt,,0,0,0,0,0,0,0
982,option,,0,0,0,0,0,0,0
983,imagine,,0,0,0,0,0,0,0
984,cuter,,0,0,0,0,0,0,0
985,options,,0,0,0,0,0,0,0
986,considering,,0,0,0,0,0,0,0
987,inexpensive,,0,0,0,0,0,0,0
988,complaining,,0,0,0,0,0,0,0
989,moderately,,0,0,0,0,0,0,0
990,works,,0,0,0,0,0,0,0
991,justify,,0,0,0,0,0,0,0
992,immediately,,0,0,0,0,0,0,0
993,mistake,,0,0,0,0,0,0,0
994,later,,0,0,0,0,0,0,0
995,real,,0,0,0,0,0,0,0
996,sized,,0,0,0,0,0,0,0
997,inconsistent,,0,0,0,0,0,0,0
998,clever,,0,0,0,0,0,0,0
999,provides,,0,0,0,0,0,0,0
1000,halfsize,,0,0,0,0,0,0,0
1001,attire,,0,0,0,0,0,0,0
1002,simply,,0,0,0,0,0,0,0
1003,taupesilver,,0,0,0,0,0,0,0
1004,pic,,0,0,0,0,0,0,0
1005,planning,,0,0,0,0,0,0,0
1006,evening,,0,0,0,0,0,0,0
1007,halfway,,0,0,0,0,0,0,0
1008,shows,,0,0,0,0,0,0,0
1009,cloud,,0,0,0,0,0,0,0
1010,dressier,,0,0,0,0,0,0,0
1011,dance,,0,0,0,0,0,0,0
1012,sweat,,0,0,0,0,0,0,0
1013,outfits,,0,0,0,0,0,0,0
1014,test,,0,0,0,0,0,0,0
1015,fashion,,0,0,0,0,0,0,0
1016,compared,,0,0,0,0,0,0,0
1017,causes,,0,0,0,0,0,0,0
1018,numb,,0,0,0,0,0,0,0
1019,oversized,,0,0,0,0,0,0,0
1020,included,,0,0,0,0,0,0,0
1021,words,,0,0,0,0,0,0,0
1022,mev,,0,0,0,0,0,0,0
1023,envy,,0,0,0,0,0,0,0
1024,tightly,,0,0,0,0,0,0,0
1025,plenty,,0,0,0,0,0,0,0
1026,grandma,,0,0,0,0,0,0,0
1027,shoesbr,,0,0,0,0,0,0,0
1028,postage,,0,0,0,0,0,0,0
1029,defective,,0,0,0,0,0,0,0
1030,instep,,0,0,0,0,0,0,0
1031,suggested,,0,0,0,0,0,0,0
1032,relaxed,,0,0,0,0,0,0,0
1033,taking,,0,0,0,0,0,0,0
1034,guy,,0,0,0,0,0,0,0
1035,straight,,0,0,0,0,0,0,0
1036,nylon,,0,0,0,0,0,0,0
1037,inner,,0,0,0,0,0,0,0
1038,turns,,0,0,0,0,0,0,0
1039,hot,,0,0,0,0,0,0,0
1040,mess,,0,0,0,0,0,0,0
1041,purchasing,,0,0,0,0,0,0,0
1042,denim,,0,0,0,0,0,0,0
1043,farbr,,0,0,0,0,0,0,0
1044,bottoms,,0,0,0,0,0,0,0
1045,enjoying,,0,0,0,0,0,0,0
1046,weak,,0,0,0,0,0,0,0
1047,tear,,0,0,0,0,0,0,0
1048,asks,,0,0,0,0,0,0,0
1049,weird,,0,0,0,0,0,0,0
1050,skip,,0,0,0,0,0,0,0
1051,knew,,0,0,0,0,0,0,0
1052,allday,,0,0,0,0,0,0,0
1053,duck,,0,0,0,0,0,0,0
1054,coverage,,0,0,0,0,0,0,0
1055,allot,,0,0,0,0,0,0,0
1056,wrote,,0,0,0,0,0,0,0
1057,honest,,0,0,0,0,0,0,0
1058,skeptical,,0,0,0,0,0,0,0
1059,materials,,0,0,0,0,0,0,0
1060,alittle,,0,0,0,0,0,0,0
1061,judge,,0,0,0,0,0,0,0
1062,help,,0,0,0,0,0,0,0
1063,lost,,0,0,0,0,0,0,0
1064,holes,,0,0,0,0,0,0,0
1065,marked,,0,0,0,0,0,0,0
1066,darn,,0,0,0,0,0,0,0
1067,internet,,0,0,0,0,0,0,0
1068,knowing,,0,0,0,0,0,0,0
1069,experience,,0,0,0,0,0,0,0
1070,pleasantly,,0,0,0,0,0,0,0
1071,walks,,0,0,0,0,0,0,0
1072,hole,,0,0,0,0,0,0,0
1073,medium,,0,0,0,0,0,0,0
1074,local,,0,0,0,0,0,0,0
1075,error,,0,0,0,0,0,0,0
1076,incredibly,,0,0,0,0,0,0,0
1077,streets,,0,0,0,0,0,0,0
1078,sell,,0,0,0,0,0,0,0
1079,twice,,0,0,0,0,0,0,0
1080,seen,,0,0,0,0,0,0,0
1081,met,,0,0,0,0,0,0,0
1082,slight,,0,0,0,0,0,0,0
1083,hubby,,0,0,0,0,0,0,0
1084,bouncy,,0,0,0,0,0,0,0
1085,factor,,0,0,0,0,0,0,0
1086,previous,,0,0,0,0,0,0,0
1087,opinion,,0,0,0,0,0,0,0
1088,springsummer,,0,0,0,0,0,0,0
1089,caused,,0,0,0,0,0,0,0
1090,family,,0,0,0,0,0,0,0
1091,variety,,0,0,0,0,0,0,0
1092,coming,,0,0,0,0,0,0,0
1093,bring,,0,0,0,0,0,0,0
1094,line,,0,0,0,0,0,0,0
1095,shoesthey,,0,0,0,0,0,0,0
1096,clouds,,0,0,0,0,0,0,0
1097,asap,,0,0,0,0,0,0,0
1098,adjust,,0,0,0,0,0,0,0
1099,threw,,0,0,0,0,0,0,0
1100,spent,,0,0,0,0,0,0,0
1101,dissapointed,,0,0,0,0,0,0,0
1102,held,,0,0,0,0,0,0,0
1103,footbr,,0,0,0,0,0,0,0
1104,secure,,0,0,0,0,0,0,0
1105,youbr,,0,0,0,0,0,0,0
1106,ball,,0,0,0,0,0,0,0
1107,middle,,0,0,0,0,0,0,0
1108,rounded,,0,0,0,0,0,0,0
1109,btw,,0,0,0,0,0,0,0
1110,match,,0,0,0,0,0,0,0
1111,birthday,,0,0,0,0,0,0,0
1112,accommodates,,0,0,0,0,0,0,0
1113,bummed,,0,0,0,0,0,0,0
1114,soak,,0,0,0,0,0,0,0
1115,dancing,,0,0,0,0,0,0,0
1116,near,,0,0,0,0,0,0,0
1117,soften,,0,0,0,0,0,0,0
1118,replace,,0,0,0,0,0,0,0
1119,alot,,0,0,0,0,0,0,0
1120,company,,0,0,0,0,0,0,0
1121,inserts,,0,0,0,0,0,0,0
1122,buckle,,0,0,0,0,0,0,0
1123,pealing,,0,0,0,0,0,0,0
1124,packaging,,0,0,0,0,0,0,0
1125,goodwill,,0,0,0,0,0,0,0
1126,clunky,,0,0,0,0,0,0,0
1127,plastic,,0,0,0,0,0,0,0
1128,metal,,0,0,0,0,0,0,0
1129,rubs,,0,0,0,0,0,0,0
1130,beware,,0,0,0,0,0,0,0
1131,lighting,,0,0,0,0,0,0,0
1132,green,,0,0,0,0,0,0,0
1133,hug,,0,0,0,0,0,0,0
1134,shoei,,0,0,0,0,0,0,0
1135,olive,,0,0,0,0,0,0,0
1136,item,,0,0,0,0,0,0,0
1137,arthritis,,0,0,0,0,0,0,0
1138,worst,,0,0,0,0,0,0,0
1139,badly,,0,0,0,0,0,0,0
1140,scratched,,0,0,0,0,0,0,0
1141,whats,,0,0,0,0,0,0,0
1142,led,,0,0,0,0,0,0,0
1143,interior,,0,0,0,0,0,0,0
1144,number,,0,0,0,0,0,0,0
1145,equal,,0,0,0,0,0,0,0
1146,parts,,0,0,0,0,0,0,0
1147,velcro,,0,0,0,0,0,0,0
1148,delivery,,0,0,0,0,0,0,0
1149,places,,0,0,0,0,0,0,0
1150,pillow,,0,0,0,0,0,0,0
1151,pink,,0,0,0,0,0,0,0
1152,button,,0,0,0,0,0,0,0
1153,decided,,0,0,0,0,0,0,0
1154,scratches,,0,0,0,0,0,0,0
1155,properly,,0,0,0,0,0,0,0
1156,closest,,0,0,0,0,0,0,0
1157,producto,,0,0,0,0,0,0,0
1158,fat,,0,0,0,0,0,0,0
1159,adjustable,,0,0,0,0,0,0,0
1160,gift,,0,0,0,0,0,0,0
1161,originally,,0,0,0,0,0,0,0
1162,appears,,0,0,0,0,0,0,0
1163,stones,,0,0,0,0,0,0,0
1164,brands,,0,0,0,0,0,0,0
1165,dug,,0,0,0,0,0,0,0
1166,holding,,0,0,0,0,0,0,0
1167,meaning,,0,0,0,0,0,0,0
1168,twisted,,0,0,0,0,0,0,0
1169,thumbs,,0,0,0,0,0,0,0
1170,upbr,,0,0,0,0,0,0,0
1171,adorable,,0,0,0,0,0,0,0
1172,bling,,0,0,0,0,0,0,0
1173,kill,,0,0,0,0,0,0,0
1174,continue,,0,0,0,0,0,0,0
1175,lines,,0,0,0,0,0,0,0
1176,consistently,,0,0,0,0,0,0,0
1177,sores,,0,0,0,0,0,0,0
1178,firstbut,,0,0,0,0,0,0,0
1179,adjusted,,0,0,0,0,0,0,0
1180,narrower,,0,0,0,0,0,0,0
1181,die,,0,0,0,0,0,0,0
1182,exposed,,0,0,0,0,0,0,0
1183,bare,,0,0,0,0,0,0,0
1184,complements,,0,0,0,0,0,0,0
1185,apart,,0,0,0,0,0,0,0
1186,horrible,,0,0,0,0,0,0,0
1187,stick,,0,0,0,0,0,0,0
1188,yrs,,0,0,0,0,0,0,0
1189,church,,0,0,0,0,0,0,0
1190,gems,,0,0,0,0,0,0,0
1191,lady,,0,0,0,0,0,0,0
1192,youd,,0,0,0,0,0,0,0
1193,face,,0,0,0,0,0,0,0
1194,read,,0,0,0,0,0,0,0
1195,hesitant,,0,0,0,0,0,0,0
1196,stated,,0,0,0,0,0,0,0
1197,noticed,,0,0,0,0,0,0,0
1198,toms,,0,0,0,0,0,0,0
1199,aware,,0,0,0,0,0,0,0
1200,located,,0,0,0,0,0,0,0
1201,proper,,0,0,0,0,0,0,0
1202,ran,,0,0,0,0,0,0,0
1203,inches,,0,0,0,0,0,0,0
1204,technology,,0,0,0,0,0,0,0
1205,classic,,0,0,0,0,0,0,0
1206,falls,,0,0,0,0,0,0,0
1207,sketcher,,0,0,0,0,0,0,0
1208,story,,0,0,0,0,0,0,0
1209,lining,,0,0,0,0,0,0,0
1210,peeled,,0,0,0,0,0,0,0
1211,future,,0,0,0,0,0,0,0
1212,torn,,0,0,0,0,0,0,0
1213,nearly,,0,0,0,0,0,0,0
1214,market,,0,0,0,0,0,0,0
1215,crazy,,0,0,0,0,0,0,0
1216,miss,,0,0,0,0,0,0,0
1217,wanting,,0,0,0,0,0,0,0
1218,bright,,0,0,0,0,0,0,0
1219,mothers,,0,0,0,0,0,0,0
1220,afraid,,0,0,0,0,0,0,0
1221,lose,,0,0,0,0,0,0,0
1222,theyd,,0,0,0,0,0,0,0
1223,lightning,,0,0,0,0,0,0,0
1224,careful,,0,0,0,0,0,0,0
1225,initially,,0,0,0,0,0,0,0
1226,sz,,0,0,0,0,0,0,0
1227,annoying,,0,0,0,0,0,0,0
1228,age,,0,0,0,0,0,0,0
1229,girls,,0,0,0,0,0,0,0
1230,retail,,0,0,0,0,0,0,0
1231,ridge,,0,0,0,0,0,0,0
1232,tighten,,0,0,0,0,0,0,0
1233,slid,,0,0,0,0,0,0,0
1234,incredible,,0,0,0,0,0,0,0
1235,hugs,,0,0,0,0,0,0,0
1236,walkable,,0,0,0,0,0,0,0
1237,forgiving,,0,0,0,0,0,0,0
1238,neoprene,,0,0,0,0,0,0,0
1239,breaks,,0,0,0,0,0,0,0
1240,success,,0,0,0,0,0,0,0
1241,exception,,0,0,0,0,0,0,0
1242,called,,0,0,0,0,0,0,0
1243,artificial,,0,0,0,0,0,0,0
1244,knees,,0,0,0,0,0,0,0
1245,hip,,0,0,0,0,0,0,0
1246,odd,,0,0,0,0,0,0,0
1247,prevented,,0,0,0,0,0,0,0
1248,add,,0,0,0,0,0,0,0
1249,supports,,0,0,0,0,0,0,0
1250,lacking,,0,0,0,0,0,0,0
1251,adequate,,0,0,0,0,0,0,0
1252,general,,0,0,0,0,0,0,0
1253,appeared,,0,0,0,0,0,0,0
1254,anticipated,,0,0,0,0,0,0,0
1255,regularly,,0,0,0,0,0,0,0
1256,using,,0,0,0,0,0,0,0
1257,raved,,0,0,0,0,0,0,0
1258,concrete,,0,0,0,0,0,0,0
1259,floors,,0,0,0,0,0,0,0
1260,feeling,,0,0,0,0,0,0,0
1261,step,,0,0,0,0,0,0,0
1262,blue,,0,0,0,0,0,0,0
1263,anymore,,0,0,0,0,0,0,0
1264,theyve,,0,0,0,0,0,0,0
1265,sisters,,0,0,0,0,0,0,0
1266,kids,,0,0,0,0,0,0,0
1267,updated,,0,0,0,0,0,0,0
1268,pieces,,0,0,0,0,0,0,0
1269,prevent,,0,0,0,0,0,0,0
1270,shame,,0,0,0,0,0,0,0
1271,trust,,0,0,0,0,0,0,0
1272,spot,,0,0,0,0,0,0,0
1273,ends,,0,0,0,0,0,0,0
1274,shorter,,0,0,0,0,0,0,0
1275,wellmade,,0,0,0,0,0,0,0
1276,sliding,,0,0,0,0,0,0,0
1277,surely,,0,0,0,0,0,0,0
1278,loving,,0,0,0,0,0,0,0
1279,fault,,0,0,0,0,0,0,0
1280,theyll,,0,0,0,0,0,0,0
1281,cuz,,0,0,0,0,0,0,0
1282,ware,,0,0,0,0,0,0,0
1283,park,,0,0,0,0,0,0,0
1284,woman,,0,0,0,0,0,0,0
1285,wants,,0,0,0,0,0,0,0
1286,fly,,0,0,0,0,0,0,0
1287,sits,,0,0,0,0,0,0,0
1288,snugly,,0,0,0,0,0,0,0
1289,sons,,0,0,0,0,0,0,0
1290,reordered,,0,0,0,0,0,0,0
1291,dream,,0,0,0,0,0,0,0
1292,shiny,,0,0,0,0,0,0,0
1293,stores,,0,0,0,0,0,0,0
1294,defect,,0,0,0,0,0,0,0
1295,flaw,,0,0,0,0,0,0,0
1296,says,,0,0,0,0,0,0,0
1297,consider,,0,0,0,0,0,0,0
1298,outbr,,0,0,0,0,0,0,0
1299,wake,,0,0,0,0,0,0,0
1300,china,,0,0,0,0,0,0,0
1301,favorites,,0,0,0,0,0,0,0
1302,needless,,0,0,0,0,0,0,0
1303,america,,0,0,0,0,0,0,0
1304,oddly,,0,0,0,0,0,0,0
1305,parent,,0,0,0,0,0,0,0
1306,living,,0,0,0,0,0,0,0
1307,desert,,0,0,0,0,0,0,0
1308,breathe,,0,0,0,0,0,0,0
1309,timely,,0,0,0,0,0,0,0
1310,manner,,0,0,0,0,0,0,0
1311,requested,,0,0,0,0,0,0,0
1312,disappointment,,0,0,0,0,0,0,0
1313,label,,0,0,0,0,0,0,0
1314,comfotable,,0,0,0,0,0,0,0
1315,uncomfortably,,0,0,0,0,0,0,0
1316,aspect,,0,0,0,0,0,0,0
1317,forget,,0,0,0,0,0,0,0
1318,descent,,0,0,0,0,0,0,0
1319,tennis,,0,0,0,0,0,0,0
1320,knee,,0,0,0,0,0,0,0
1321,bummer,,0,0,0,0,0,0,0
1322,opted,,0,0,0,0,0,0,0
1323,comment,,0,0,0,0,0,0,0
1324,moment,,0,0,0,0,0,0,0
1325,list,,0,0,0,0,0,0,0
1326,alternate,,0,0,0,0,0,0,0
1327,ship,,0,0,0,0,0,0,0
1328,damage,,0,0,0,0,0,0,0
1329,impossible,,0,0,0,0,0,0,0
1330,stays,,0,0,0,0,0,0,0
1331,minute,,0,0,0,0,0,0,0
1332,nicer,,0,0,0,0,0,0,0
1333,providing,,0,0,0,0,0,0,0
1334,obsessed,,0,0,0,0,0,0,0
1335,matching,,0,0,0,0,0,0,0
1336,cost,,0,0,0,0,0,0,0
1337,reasonable,,0,0,0,0,0,0,0
1338,slipper,,0,0,0,0,0,0,0
1339,stitch,,0,0,0,0,0,0,0
1340,complaints,,0,0,0,0,0,0,0
1341,spend,,0,0,0,0,0,0,0
1342,workmanship,,0,0,0,0,0,0,0
1343,appreciate,,0,0,0,0,0,0,0
1344,junk,,0,0,0,0,0,0,0
1345,seven,,0,0,0,0,0,0,0
1346,exchanged,,0,0,0,0,0,0,0
1347,takes,,0,0,0,0,0,0,0
1348,edges,,0,0,0,0,0,0,0
1349,sizesbr,,0,0,0,0,0,0,0
1350,check,,0,0,0,0,0,0,0
1351,loosened,,0,0,0,0,0,0,0
1352,march,,0,0,0,0,0,0,0
1353,snow,,0,0,0,0,0,0,0
1354,april,,0,0,0,0,0,0,0
1355,grateful,,0,0,0,0,0,0,0
1356,existing,,0,0,0,0,0,0,0
1357,inventory,,0,0,0,0,0,0,0
1358,orange,,0,0,0,0,0,0,0
1359,named,,0,0,0,0,0,0,0
1360,relax,,0,0,0,0,0,0,0
1361,europe,,0,0,0,0,0,0,0
1362,unavailable,,0,0,0,0,0,0,0
1363,irritate,,0,0,0,0,0,0,0
1364,luckily,,0,0,0,0,0,0,0
1365,achy,,0,0,0,0,0,0,0
1366,feetbr,,0,0,0,0,0,0,0
1367,cons,,0,0,0,0,0,0,0
1368,pleasant,,0,0,0,0,0,0,0
1369,surprise,,0,0,0,0,0,0,0
1370,expecting,,0,0,0,0,0,0,0
1371,justice,,0,0,0,0,0,0,0
1372,pinky,,0,0,0,0,0,0,0
1373,stress,,0,0,0,0,0,0,0
1374,wrap,,0,0,0,0,0,0,0
1375,shifts,,0,0,0,0,0,0,0
1376,fairly,,0,0,0,0,0,0,0
1377,portion,,0,0,0,0,0,0,0
1378,anti,,0,0,0,0,0,0,0
1379,footed,,0,0,0,0,0,0,0
1380,multiple,,0,0,0,0,0,0,0
1381,stink,,0,0,0,0,0,0,0
1382,happened,,0,0,0,0,0,0,0
1383,searching,,0,0,0,0,0,0,0
1384,choice,,0,0,0,0,0,0,0
1385,newer,,0,0,0,0,0,0,0
1386,row,,0,0,0,0,0,0,0
1387,layer,,0,0,0,0,0,0,0
1388,clear,,0,0,0,0,0,0,0
1389,dinner,,0,0,0,0,0,0,0
1390,sunday,,0,0,0,0,0,0,0
1391,lasted,,0,0,0,0,0,0,0
1392,primary,,0,0,0,0,0,0,0
1393,fitted,,0,0,0,0,0,0,0
1394,hrs,,0,0,0,0,0,0,0
1395,worse,,0,0,0,0,0,0,0
1396,designed,,0,0,0,0,0,0,0
1397,tendinitis,,0,0,0,0,0,0,0
1398,suede,,0,0,0,0,0,0,0
1399,suited,,0,0,0,0,0,0,0
1400,supported,,0,0,0,0,0,0,0
1401,spongy,,0,0,0,0,0,0,0
1402,preferred,,0,0,0,0,0,0,0
1403,firm,,0,0,0,0,0,0,0
1404,excelent,,0,0,0,0,0,0,0
1405,sneaker,,0,0,0,0,0,0,0
1406,busy,,0,0,0,0,0,0,0
1407,standwalk,,0,0,0,0,0,0,0
1408,kinds,,0,0,0,0,0,0,0
1409,extreme,,0,0,0,0,0,0,0
1410,repair,,0,0,0,0,0,0,0
1411,truly,,0,0,0,0,0,0,0
1412,purchases,,0,0,0,0,0,0,0
1413,door,,0,0,0,0,0,0,0
1414,various,,0,0,0,0,0,0,0
1415,telling,,0,0,0,0,0,0,0
1416,addition,,0,0,0,0,0,0,0
1417,sounded,,0,0,0,0,0,0,0
1418,goto,,0,0,0,0,0,0,0
1419,including,,0,0,0,0,0,0,0
1420,paid,,0,0,0,0,0,0,0
1421,replaced,,0,0,0,0,0,0,0
1422,hassle,,0,0,0,0,0,0,0
1423,sort,,0,0,0,0,0,0,0
1424,bothers,,0,0,0,0,0,0,0
1425,casually,,0,0,0,0,0,0,0
1426,dressed,,0,0,0,0,0,0,0
1427,change,,0,0,0,0,0,0,0
1428,surprisingly,,0,0,0,0,0,0,0
1429,rumblers,,0,0,0,0,0,0,0
1430,hangs,,0,0,0,0,0,0,0
1431,broken,,0,0,0,0,0,0,0
1432,push,,0,0,0,0,0,0,0
1433,lil,,0,0,0,0,0,0,0
1434,youll,,0,0,0,0,0,0,0
1435,sealed,,0,0,0,0,0,0,0
1436,wearbr,,0,0,0,0,0,0,0
1437,replacement,,0,0,0,0,0,0,0
1438,adore,,0,0,0,0,0,0,0
1439,understand,,0,0,0,0,0,0,0
1440,rock,,0,0,0,0,0,0,0
1441,clothing,,0,0,0,0,0,0,0
1442,opened,,0,0,0,0,0,0,0
1443,email,,0,0,0,0,0,0,0
1444,choose,,0,0,0,0,0,0,0
1445,slowly,,0,0,0,0,0,0,0
1446,breath,,0,0,0,0,0,0,0
1447,exact,,0,0,0,0,0,0,0
1448,puts,,0,0,0,0,0,0,0
1449,concept,,0,0,0,0,0,0,0
1450,low,,0,0,0,0,0,0,0
1451,liner,,0,0,0,0,0,0,0
1452,experienced,,0,0,0,0,0,0,0
1453,usa,,0,0,0,0,0,0,0
1454,july,,0,0,0,0,0,0,0
1455,overseas,,0,0,0,0,0,0,0
1456,sandalsbr,,0,0,0,0,0,0,0
1457,posted,,0,0,0,0,0,0,0
1458,ring,,0,0,0,0,0,0,0
1459,pad,,0,0,0,0,0,0,0
1460,fitbr,,0,0,0,0,0,0,0
1461,legs,,0,0,0,0,0,0,0
1462,thesebr,,0,0,0,0,0,0,0
1463,staying,,0,0,0,0,0,0,0
1464,entire,,0,0,0,0,0,0,0
1465,placed,,0,0,0,0,0,0,0
1466,reality,,0,0,0,0,0,0,0
1467,dark,,0,0,0,0,0,0,0
1468,combination,,0,0,0,0,0,0,0
1469,imo,,0,0,0,0,0,0,0
1470,strong,,0,0,0,0,0,0,0
1471,glue,,0,0,0,0,0,0,0
1472,stuff,,0,0,0,0,0,0,0
1473,doubts,,0,0,0,0,0,0,0
1474,quiet,,0,0,0,0,0,0,0
1475,noises,,0,0,0,0,0,0,0
1476,babies,,0,0,0,0,0,0,0
1477,waiting,,0,0,0,0,0,0,0
1478,friendly,,0,0,0,0,0,0,0
1479,sale,,0,0,0,0,0,0,0
1480,positive,,0,0,0,0,0,0,0
1481,reviewer,,0,0,0,0,0,0,0
1482,certainly,,0,0,0,0,0,0,0
1483,complete,,0,0,0,0,0,0,0
1484,agree,,0,0,0,0,0,0,0
1485,navy,,0,0,0,0,0,0,0
1486,payless,,0,0,0,0,0,0,0
1487,absorb,,0,0,0,0,0,0,0
1488,gross,,0,0,0,0,0,0,0
1489,pricebr,,0,0,0,0,0,0,0
1490,thankfully,,0,0,0,0,0,0,0
1491,pains,,0,0,0,0,0,0,0
1492,morning,,0,0,0,0,0,0,0
1493,afternoon,,0,0,0,0,0,0,0
1494,fourth,,0,0,0,0,0,0,0
1495,ache,,0,0,0,0,0,0,0
1496,receiving,,0,0,0,0,0,0,0
1497,disneyland,,0,0,0,0,0,0,0
1498,play,,0,0,0,0,0,0,0
1499,confortable,,0,0,0,0,0,0,0
1500,slipbr,,0,0,0,0,0,0,0
1501,sundresses,,0,0,0,0,0,0,0
1502,city,,0,0,0,0,0,0,0
1503,interested,,0,0,0,0,0,0,0
1504,late,,0,0,0,0,0,0,0
1505,daughters,,0,0,0,0,0,0,0
1506,set,,0,0,0,0,0,0,0
1507,amusement,,0,0,0,0,0,0,0
1508,stopped,,0,0,0,0,0,0,0
1509,lacked,,0,0,0,0,0,0,0
1510,present,,0,0,0,0,0,0,0
1511,heart,,0,0,0,0,0,0,0
1512,boots,,0,0,0,0,0,0,0
1513,heals,,0,0,0,0,0,0,0
1514,rating,,0,0,0,0,0,0,0
1515,absolute,,0,0,0,0,0,0,0
1516,proof,,0,0,0,0,0,0,0
1517,drag,,0,0,0,0,0,0,0
1518,picked,,0,0,0,0,0,0,0
1519,clearance,,0,0,0,0,0,0,0
1520,learn,,0,0,0,0,0,0,0
1521,fracture,,0,0,0,0,0,0,0
1522,thrown,,0,0,0,0,0,0,0
1523,weekend,,0,0,0,0,0,0,0
1524,outlet,,0,0,0,0,0,0,0
1525,hopes,,0,0,0,0,0,0,0
1526,shipped,,0,0,0,0,0,0,0
1527,anyways,,0,0,0,0,0,0,0
1528,standards,,0,0,0,0,0,0,0
1529,exceeded,,0,0,0,0,0,0,0
1530,expectations,,0,0,0,0,0,0,0
1531,unbelievable,,0,0,0,0,0,0,0
1532,heavy,,0,0,0,0,0,0,0
1533,studs,,0,0,0,0,0,0,0
1534,padded,,0,0,0,0,0,0,0
1535,visible,,0,0,0,0,0,0,0
1536,sending,,0,0,0,0,0,0,0
1537,missing,,0,0,0,0,0,0,0
1538,ahead,,0,0,0,0,0,0,0
1539,specifically,,0,0,0,0,0,0,0
1540,starts,,0,0,0,0,0,0,0
1541,enjoy,,0,0,0,0,0,0,0
1542,smallest,,0,0,0,0,0,0,0
1543,measure,,0,0,0,0,0,0,0
1544,hotel,,0,0,0,0,0,0,0
1545,sparkles,,0,0,0,0,0,0,0
1546,florida,,0,0,0,0,0,0,0
1547,solution,,0,0,0,0,0,0,0
1548,separate,,0,0,0,0,0,0,0
1549,prevents,,0,0,0,0,0,0,0
1550,possibility,,0,0,0,0,0,0,0
1551,causing,,0,0,0,0,0,0,0
1552,state,,0,0,0,0,0,0,0
1553,happier,,0,0,0,0,0,0,0
1554,asics,,0,0,0,0,0,0,0
1555,crying,,0,0,0,0,0,0,0
1556,mail,,0,0,0,0,0,0,0
1557,mean,,0,0,0,0,0,0,0
1558,inbr,,0,0,0,0,0,0,0
1559,angle,,0,0,0,0,0,0,0
1560,rid,,0,0,0,0,0,0,0
1561,listed,,0,0,0,0,0,0,0
1562,asking,,0,0,0,0,0,0,0
1563,spilled,,0,0,0,0,0,0,0
1564,personal,,0,0,0,0,0,0,0
1565,structure,,0,0,0,0,0,0,0
1566,teach,,0,0,0,0,0,0,0
1567,bronze,,0,0,0,0,0,0,0
1568,bonus,,0,0,0,0,0,0,0
1569,sooner,,0,0,0,0,0,0,0
1570,changed,,0,0,0,0,0,0,0
1571,boat,,0,0,0,0,0,0,0
1572,skid,,0,0,0,0,0,0,0
1573,labeled,,0,0,0,0,0,0,0
1574,incorrectly,,0,0,0,0,0,0,0
1575,forth,,0,0,0,0,0,0,0
1576,moving,,0,0,0,0,0,0,0
1577,double,,0,0,0,0,0,0,0
1578,talking,,0,0,0,0,0,0,0
1579,synthetic,,0,0,0,0,0,0,0
1580,absorbing,,0,0,0,0,0,0,0
1581,food,,0,0,0,0,0,0,0
1582,setting,,0,0,0,0,0,0,0
1583,complain,,0,0,0,0,0,0,0
1584,ridiculously,,0,0,0,0,0,0,0
1585,traction,,0,0,0,0,0,0,0
1586,field,,0,0,0,0,0,0,0
1587,moms,,0,0,0,0,0,0,0
1588,build,,0,0,0,0,0,0,0
1589,speed,,0,0,0,0,0,0,0
1590,reliable,,0,0,0,0,0,0,0
1591,aching,,0,0,0,0,0,0,0
1592,ate,,0,0,0,0,0,0,0
1593,reccomend,,0,0,0,0,0,0,0
1594,slipons,,0,0,0,0,0,0,0
1595,feather,,0,0,0,0,0,0,0
1596,answer,,0,0,0,0,0,0,0
1597,measured,,0,0,0,0,0,0,0
1598,fear,,0,0,0,0,0,0,0
1599,edit,,0,0,0,0,0,0,0
1600,confort,,0,0,0,0,0,0,0
1601,bartender,,0,0,0,0,0,0,0
1602,pushes,,0,0,0,0,0,0,0
1603,hate,,0,0,0,0,0,0,0
1604,hopeful,,0,0,0,0,0,0,0
1605,awsome,,0,0,0,0,0,0,0
1606,gold,,0,0,0,0,0,0,0
1607,chewed,,0,0,0,0,0,0,0
1608,pricey,,0,0,0,0,0,0,0
1609,daybr,,0,0,0,0,0,0,0
1610,lighter,,0,0,0,0,0,0,0
1611,carrying,,0,0,0,0,0,0,0
1612,widths,,0,0,0,0,0,0,0
1613,fair,,0,0,0,0,0,0,0
1614,reorder,,0,0,0,0,0,0,0
1615,hit,,0,0,0,0,0,0,0
1616,slick,,0,0,0,0,0,0,0
1617,downside,,0,0,0,0,0,0,0
1618,greatest,,0,0,0,0,0,0,0
1619,durability,,0,0,0,0,0,0,0
1620,ease,,0,0,0,0,0,0,0
1621,cleaning,,0,0,0,0,0,0,0
1622,kicking,,0,0,0,0,0,0,0
1623,thx,,0,0,0,0,0,0,0
1624,manufacturer,,0,0,0,0,0,0,0
1625,contacted,,0,0,0,0,0,0,0
1626,compromise,,0,0,0,0,0,0,0
1627,occasion,,0,0,0,0,0,0,0
1628,rated,,0,0,0,0,0,0,0
1629,vendor,,0,0,0,0,0,0,0
1630,benefit,,0,0,0,0,0,0,0
1631,include,,0,0,0,0,0,0,0
1632,surface,,0,0,0,0,0,0,0
1633,free,,0,0,0,0,0,0,0
1634,thankyou,,0,0,0,0,0,0,0
1635,yr,,0,0,0,0,0,0,0
1636,event,,0,0,0,0,0,0,0
1637,wearable,,0,0,0,0,0,0,0
1638,blend,,0,0,0,0,0,0,0
1639,impact,,0,0,0,0,0,0,0
1640,tag,,0,0,0,0,0,0,0
1641,fallen,,0,0,0,0,0,0,0
1642,indicated,,0,0,0,0,0,0,0
1643,jog,,0,0,0,0,0,0,0
1644,scandals,,0,0,0,0,0,0,0
1645,importantly,,0,0,0,0,0,0,0
1646,ðŸ˜,,0,0,0,0,0,0,0
1647,require,,0,0,0,0,0,0,0
1648,sizebr,,0,0,0,0,0,0,0
1649,forgot,,0,0,0,0,0,0,0
1650,cramping,,0,0,0,0,0,0,0
1651,beat,,0,0,0,0,0,0,0
1652,complains,,0,0,0,0,0,0,0
1653,bending,,0,0,0,0,0,0,0
1654,wiggle,,0,0,0,0,0,0,0
1655,nonstop,,0,0,0,0,0,0,0
1656,bunion,,0,0,0,0,0,0,0
1657,def,,0,0,0,0,0,0,0
1658,reg,,0,0,0,0,0,0,0
1659,checked,,0,0,0,0,0,0,0
1660,stairs,,0,0,0,0,0,0,0
1661,conditions,,0,0,0,0,0,0,0
1662,fingers,,0,0,0,0,0,0,0
1663,sketches,,0,0,0,0,0,0,0
1664,iam,,0,0,0,0,0,0,0
1665,fixed,,0,0,0,0,0,0,0
1666,ups,,0,0,0,0,0,0,0
1667,injury,,0,0,0,0,0,0,0
1668,toneups,,0,0,0,0,0,0,0
1669,feature,,0,0,0,0,0,0,0
1670,dye,,0,0,0,0,0,0,0
1671,harder,,0,0,0,0,0,0,0
1672,tone,,0,0,0,0,0,0,0
1673,sharp,,0,0,0,0,0,0,0
1674,stupid,,0,0,0,0,0,0,0
1675,brandbr,,0,0,0,0,0,0,0
1676,hiking,,0,0,0,0,0,0,0
1677,flimsy,,0,0,0,0,0,0,0
1678,record,,0,0,0,0,0,0,0
1679,fail,,0,0,0,0,0,0,0
1680,trim,,0,0,0,0,0,0,0
1681,mentioned,,0,0,0,0,0,0,0
1682,jewels,,0,0,0,0,0,0,0
1683,blew,,0,0,0,0,0,0,0
1684,raised,,0,0,0,0,0,0,0
1685,toneup,,0,0,0,0,0,0,0
1686,annoyed,,0,0,0,0,0,0,0
1687,equally,,0,0,0,0,0,0,0
1688,supportbr,,0,0,0,0,0,0,0
1689,june,,0,0,0,0,0,0,0
1690,self,,0,0,0,0,0,0,0
1691,necessary,,0,0,0,0,0,0,0
1692,rugged,,0,0,0,0,0,0,0
1693,pack,,0,0,0,0,0,0,0
1694,hadnt,,0,0,0,0,0,0,0
1695,dollars,,0,0,0,0,0,0,0
1696,ridiculous,,0,0,0,0,0,0,0
1697,faulty,,0,0,0,0,0,0,0
1698,save,,0,0,0,0,0,0,0
1699,walmart,,0,0,0,0,0,0,0
1700,warmer,,0,0,0,0,0,0,0
1701,longest,,0,0,0,0,0,0,0
1702,glued,,0,0,0,0,0,0,0
1703,policy,,0,0,0,0,0,0,0
1704,eliminated,,0,0,0,0,0,0,0
1705,slack,,0,0,0,0,0,0,0
1706,assuming,,0,0,0,0,0,0,0
1707,things,,0,0,0,0,0,0,0
1708,gap,,0,0,0,0,0,0,0
1709,matters,,0,0,0,0,0,0,0
1710,virtually,,0,0,0,0,0,0,0
1711,law,,0,0,0,0,0,0,0
1712,scketchers,,0,0,0,0,0,0,0
1713,specially,,0,0,0,0,0,0,0
1714,pulling,,0,0,0,0,0,0,0
1715,flex,,0,0,0,0,0,0,0
1716,darker,,0,0,0,0,0,0,0
1717,leggings,,0,0,0,0,0,0,0
1718,sparkly,,0,0,0,0,0,0,0
1719,squeaks,,0,0,0,0,0,0,0
1720,instantly,,0,0,0,0,0,0,0
1721,carpet,,0,0,0,0,0,0,0
1722,receipt,,0,0,0,0,0,0,0
1723,worthless,,0,0,0,0,0,0,0
1724,coating,,0,0,0,0,0,0,0
1725,uses,,0,0,0,0,0,0,0
1726,shoebr,,0,0,0,0,0,0,0
1727,value,,0,0,0,0,0,0,0
1728,substantial,,0,0,0,0,0,0,0
1729,funky,,0,0,0,0,0,0,0
1730,follow,,0,0,0,0,0,0,0
1731,suit,,0,0,0,0,0,0,0
1732,cleaned,,0,0,0,0,0,0,0
1733,packed,,0,0,0,0,0,0,0
1734,compliant,,0,0,0,0,0,0,0
1735,negative,,0,0,0,0,0,0,0
1736,grocery,,0,0,0,0,0,0,0
1737,weekends,,0,0,0,0,0,0,0
1738,shouldnt,,0,0,0,0,0,0,0
1739,shock,,0,0,0,0,0,0,0
1740,health,,0,0,0,0,0,0,0
1741,swim,,0,0,0,0,0,0,0
1742,signs,,0,0,0,0,0,0,0
1743,turned,,0,0,0,0,0,0,0
1744,blame,,0,0,0,0,0,0,0
1745,honestly,,0,0,0,0,0,0,0
1746,defiantly,,0,0,0,0,0,0,0
1747,frequently,,0,0,0,0,0,0,0
1748,scraping,,0,0,0,0,0,0,0
1749,won,,0,0,0,0,0,0,0
1750,till,,0,0,0,0,0,0,0
1751,cheaply,,0,0,0,0,0,0,0
1752,intend,,0,0,0,0,0,0,0
1753,injuries,,0,0,0,0,0,0,0
1754,differently,,0,0,0,0,0,0,0
1755,slipon,,0,0,0,0,0,0,0
1756,rocks,,0,0,0,0,0,0,0
1757,shown,,0,0,0,0,0,0,0
1758,information,,0,0,0,0,0,0,0
1759,ability,,0,0,0,0,0,0,0
1760,gal,,0,0,0,0,0,0,0
1761,attempt,,0,0,0,0,0,0,0
1762,purchasebr,,0,0,0,0,0,0,0
1763,laces,,0,0,0,0,0,0,0
1764,ton,,0,0,0,0,0,0,0
1765,grand,,0,0,0,0,0,0,0
1766,split,,0,0,0,0,0,0,0
1767,road,,0,0,0,0,0,0,0
1768,grass,,0,0,0,0,0,0,0
1769,dirt,,0,0,0,0,0,0,0
1770,sport,,0,0,0,0,0,0,0
1771,neon,,0,0,0,0,0,0,0
1772,patent,,0,0,0,0,0,0,0
1773,steep,,0,0,0,0,0,0,0
1774,lasts,,0,0,0,0,0,0,0
1775,linoleum,,0,0,0,0,0,0,0
1776,floorsbr,,0,0,0,0,0,0,0
1777,direct,,0,0,0,0,0,0,0
1778,transaction,,0,0,0,0,0,0,0
1779,changing,,0,0,0,0,0,0,0
1780,treat,,0,0,0,0,0,0,0
1781,stocking,,0,0,0,0,0,0,0
1782,keeper,,0,0,0,0,0,0,0
1783,lite,,0,0,0,0,0,0,0
1784,bucks,,0,0,0,0,0,0,0
1785,claims,,0,0,0,0,0,0,0
1786,undone,,0,0,0,0,0,0,0
1787,son,,0,0,0,0,0,0,0
1788,word,,0,0,0,0,0,0,0
1789,refuses,,0,0,0,0,0,0,0
1790,carefully,,0,0,0,0,0,0,0
1791,body,,0,0,0,0,0,0,0
1792,site,,0,0,0,0,0,0,0
1793,credit,,0,0,0,0,0,0,0
1794,folks,,0,0,0,0,0,0,0
1795,realized,,0,0,0,0,0,0,0
1796,warning,,0,0,0,0,0,0,0
1797,gowalk,,0,0,0,0,0,0,0
1798,strip,,0,0,0,0,0,0,0
1799,wise,,0,0,0,0,0,0,0
1800,allbr,,0,0,0,0,0,0,0
1801,investment,,0,0,0,0,0,0,0
1802,question,,0,0,0,0,0,0,0
1803,packaged,,0,0,0,0,0,0,0
1804,hear,,0,0,0,0,0,0,0
1805,sigh,,0,0,0,0,0,0,0
1806,labor,,0,0,0,0,0,0,0
1807,lawn,,0,0,0,0,0,0,0
1808,occasionally,,0,0,0,0,0,0,0
1809,exercise,,0,0,0,0,0,0,0
1810,carpeted,,0,0,0,0,0,0,0
1811,remove,,0,0,0,0,0,0,0
1812,minimal,,0,0,0,0,0,0,0
1813,activity,,0,0,0,0,0,0,0
1814,spending,,0,0,0,0,0,0,0
1815,note,,0,0,0,0,0,0,0
1816,steel,,0,0,0,0,0,0,0
1817,toed,,0,0,0,0,0,0,0
1818,usage,,0,0,0,0,0,0,0
1819,truck,,0,0,0,0,0,0,0
1820,brought,,0,0,0,0,0,0,0
1821,swap,,0,0,0,0,0,0,0
1822,tied,,0,0,0,0,0,0,0
1823,manufacturing,,0,0,0,0,0,0,0
1824,staff,,0,0,0,0,0,0,0
1825,tow,,0,0,0,0,0,0,0
1826,warned,,0,0,0,0,0,0,0
1827,widebr,,0,0,0,0,0,0,0
1828,drawback,,0,0,0,0,0,0,0
1829,decent,,0,0,0,0,0,0,0
1830,safety,,0,0,0,0,0,0,0
1831,nonslip,,0,0,0,0,0,0,0
1832,gotta,,0,0,0,0,0,0,0
1833,concerned,,0,0,0,0,0,0,0
1834,airports,,0,0,0,0,0,0,0
1835,ruined,,0,0,0,0,0,0,0
1836,pictures,,0,0,0,0,0,0,0
1837,web,,0,0,0,0,0,0,0
1838,severely,,0,0,0,0,0,0,0
1839,andor,,0,0,0,0,0,0,0
1840,sellers,,0,0,0,0,0,0,0
1841,winter,,0,0,0,0,0,0,0
1842,military,,0,0,0,0,0,0,0
1843,waterproof,,0,0,0,0,0,0,0
1844,contacting,,0,0,0,0,0,0,0
1845,warranty,,0,0,0,0,0,0,0
1846,faster,,0,0,0,0,0,0,0
1847,obviously,,0,0,0,0,0,0,0
1848,meant,,0,0,0,0,0,0,0
1849,boot,,0,0,0,0,0,0,0
1850,outer,,0,0,0,0,0,0,0
1851,tongue,,0,0,0,0,0,0,0
1852,environment,,0,0,0,0,0,0,0
1853,frayed,,0,0,0,0,0,0,0
1854,lace,,0,0,0,0,0,0,0
1855,pinches,,0,0,0,0,0,0,0
1856,prices,,0,0,0,0,0,0,0
1857,sufficient,,0,0,0,0,0,0,0
1858,digging,,0,0,0,0,0,0,0
1859,proved,,0,0,0,0,0,0,0
1860,unacceptable,,0,0,0,0,0,0,0
1861,crushed,,0,0,0,0,0,0,0
1862,hammer,,0,0,0,0,0,0,0
1863,stinky,,0,0,0,0,0,0,0
1864,mad,,0,0,0,0,0,0,0
1865,shop,,0,0,0,0,0,0,0
1866,uppers,,0,0,0,0,0,0,0
1867,ripped,,0,0,0,0,0,0,0
1868,crap,,0,0,0,0,0,0,0
1869,amazons,,0,0,0,0,0,0,0
1870,nowbr,,0,0,0,0,0,0,0
1871,paint,,0,0,0,0,0,0,0
1872,restaurant,,0,0,0,0,0,0,0
1873,nursing,,0,0,0,0,0,0,0
1874,student,,0,0,0,0,0,0,0
1875,crews,,0,0,0,0,0,0,0
1876,shift,,0,0,0,0,0,0,0
1877,recomend,,0,0,0,0,0,0,0
1878,occur,,0,0,0,0,0,0,0
1879,slacks,,0,0,0,0,0,0,0
1880,shirt,,0,0,0,0,0,0,0
1881,hospital,,0,0,0,0,0,0,0
1882,collar,,0,0,0,0,0,0,0
1883,muscle,,0,0,0,0,0,0,0
1884,reduce,,0,0,0,0,0,0,0
1885,loud,,0,0,0,0,0,0,0
1886,squeaky,,0,0,0,0,0,0,0
1887,resistant,,0,0,0,0,0,0,0
1888,requires,,0,0,0,0,0,0,0
1889,requirement,,0,0,0,0,0,0,0
1890,kneel,,0,0,0,0,0,0,0
1891,bend,,0,0,0,0,0,0,0
1892,sign,,0,0,0,0,0,0,0
1893,puddles,,0,0,0,0,0,0,0
1894,brother,,0,0,0,0,0,0,0
1895,hes,,0,0,0,0,0,0,0
1896,kitchen,,0,0,0,0,0,0,0
1897,server,,0,0,0,0,0,0,0
1898,pros,,0,0,0,0,0,0,0
1899,custom,,0,0,0,0,0,0,0
1900,eyelets,,0,0,0,0,0,0,0
1901,requiring,,0,0,0,0,0,0,0
1902,sequence,,0,0,0,0,0,0,0
1903,weeksbr,,0,0,0,0,0,0,0
1904,invest,,0,0,0,0,0,0,0
1905,finish,,0,0,0,0,0,0,0
1906,worker,,0,0,0,0,0,0,0
1907,regardless,,0,0,0,0,0,0,0
1908,uniform,,0,0,0,0,0,0,0
1909,recent,,0,0,0,0,0,0,0
1910,develop,,0,0,0,0,0,0,0
1911,meets,,0,0,0,0,0,0,0
1912,barista,,0,0,0,0,0,0,0
1913,slipresistant,,0,0,0,0,0,0,0
1914,slipresistance,,0,0,0,0,0,0,0
1915,failure,,0,0,0,0,0,0,0
1916,itbr,,0,0,0,0,0,0,0
1917,section,,0,0,0,0,0,0,0
1918,seams,,0,0,0,0,0,0,0
1919,begun,,0,0,0,0,0,0,0
1920,resistance,,0,0,0,0,0,0,0
1921,position,,0,0,0,0,0,0,0
1922,tying,,0,0,0,0,0,0,0
1923,level,,0,0,0,0,0,0,0
1924,condition,,0,0,0,0,0,0,0
1925,includes,,0,0,0,0,0,0,0
1926,checking,,0,0,0,0,0,0,0
1927,suppose,,0,0,0,0,0,0,0
1928,gonna,,0,0,0,0,0,0,0
1929,shine,,0,0,0,0,0,0,0
1930,oily,,0,0,0,0,0,0,0
1931,tile,,0,0,0,0,0,0,0
1932,nurse,,0,0,0,0,0,0,0
1933,jump,,0,0,0,0,0,0,0
1934,currently,,0,0,0,0,0,0,0
1935,wings,,0,0,0,0,0,0,0
1936,intact,,0,0,0,0,0,0,0
1937,point,,0,0,0,0,0,0,0
1938,terrain,,0,0,0,0,0,0,0
1939,mud,,0,0,0,0,0,0,0
1940,rain,,0,0,0,0,0,0,0
1941,paced,,0,0,0,0,0,0,0
1942,umpire,,0,0,0,0,0,0,0
1943,adult,,0,0,0,0,0,0,0
1944,games,,0,0,0,0,0,0,0
1945,nike,,0,0,0,0,0,0,0
1946,greatly,,0,0,0,0,0,0,0
1947,rear,,0,0,0,0,0,0,0
1948,tab,,0,0,0,0,0,0,0
1949,hand,,0,0,0,0,0,0,0
1950,dollar,,0,0,0,0,0,0,0
1951,solved,,0,0,0,0,0,0,0
1952,greatbr,,0,0,0,0,0,0,0
1953,party,,0,0,0,0,0,0,0
1954,protection,,0,0,0,0,0,0,0
1955,warehouse,,0,0,0,0,0,0,0
1956,sfc,,0,0,0,0,0,0,0
1957,flooring,,0,0,0,0,0,0,0
1958,restaurants,,0,0,0,0,0,0,0
1959,research,,0,0,0,0,0,0,0
1960,safe,,0,0,0,0,0,0,0
1961,sun,,0,0,0,0,0,0,0
1962,hey,,0,0,0,0,0,0,0
1963,indoor,,0,0,0,0,0,0,0
1964,february,,0,0,0,0,0,0,0
1965,splitting,,0,0,0,0,0,0,0
1966,served,,0,0,0,0,0,0,0
1967,corresponds,,0,0,0,0,0,0,0
1968,seated,,0,0,0,0,0,0,0
1969,man,,0,0,0,0,0,0,0
1970,mechanic,,0,0,0,0,0,0,0
1971,chef,,0,0,0,0,0,0,0
1972,flap,,0,0,0,0,0,0,0
1973,rack,,0,0,0,0,0,0,0
1974,dish,,0,0,0,0,0,0,0
1975,moist,,0,0,0,0,0,0,0
1976,keystone,,0,0,0,0,0,0,0
1977,earth,,0,0,0,0,0,0,0
1978,female,,0,0,0,0,0,0,0
1979,ugly,,0,0,0,0,0,0,0
1980,wow,,0,0,0,0,0,0,0
1981,sticking,,0,0,0,0,0,0,0
1982,practical,,0,0,0,0,0,0,0
1983,muy,,0,0,0,0,0,0,0
1984,bueno,,0,0,0,0,0,0,0
1985,lip,,0,0,0,0,0,0,0
1986,dobr,,0,0,0,0,0,0,0
1987,clinicals,,0,0,0,0,0,0,0
1988,weigh,,0,0,0,0,0,0,0
1989,specific,,0,0,0,0,0,0,0
1990,supposed,,0,0,0,0,0,0,0
1991,breathable,,0,0,0,0,0,0,0
1992,merrills,,0,0,0,0,0,0,0
1993,serving,,0,0,0,0,0,0,0
1994,bartending,,0,0,0,0,0,0,0
1995,seam,,0,0,0,0,0,0,0
1996,removed,,0,0,0,0,0,0,0
1997,orthotics,,0,0,0,0,0,0,0
1998,direction,,0,0,0,0,0,0,0
1999,stiffer,,0,0,0,0,0,0,0
2000,relief,,0,0,0,0,0,0,0
2001,excelente,,0,0,0,0,0,0,0
2002,coffee,,0,0,0,0,0,0,0
2003,digs,,0,0,0,0,0,0,0
2004,situation,,0,0,0,0,0,0,0
2005,surfaces,,0,0,0,0,0,0,0
2006,grease,,0,0,0,0,0,0,0
2007,cement,,0,0,0,0,0,0,0
2008,deals,,0,0,0,0,0,0,0
2009,purposely,,0,0,0,0,0,0,0
2010,needing,,0,0,0,0,0,0,0
2011,destroyed,,0,0,0,0,0,0,0
2012,obvious,,0,0,0,0,0,0,0
2013,curved,,0,0,0,0,0,0,0
2014,destroy,,0,0,0,0,0,0,0
2015,deserve,,0,0,0,0,0,0,0
2016,delivers,,0,0,0,0,0,0,0
2017,built,,0,0,0,0,0,0,0
2018,current,,0,0,0,0,0,0,0
2019,chart,,0,0,0,0,0,0,0
2020,accurate,,0,0,0,0,0,0,0
2021,father,,0,0,0,0,0,0,0
2022,cup,,0,0,0,0,0,0,0
2023,unglued,,0,0,0,0,0,0,0
2024,budget,,0,0,0,0,0,0,0
2025,outdoors,,0,0,0,0,0,0,0
2026,equivalent,,0,0,0,0,0,0,0
2027,separating,,0,0,0,0,0,0,0
2028,squeaking,,0,0,0,0,0,0,0
2029,showing,,0,0,0,0,0,0,0
2030,cracks,,0,0,0,0,0,0,0
2031,allowing,,0,0,0,0,0,0,0
2032,clown,,0,0,0,0,0,0,0
2033,dr,,0,0,0,0,0,0,0
2034,scholls,,0,0,0,0,0,0,0
2035,beating,,0,0,0,0,0,0,0
2036,deliver,,0,0,0,0,0,0,0
2037,arrival,,0,0,0,0,0,0,0
2038,tip,,0,0,0,0,0,0,0
2039,repaired,,0,0,0,0,0,0,0
2040,dad,,0,0,0,0,0,0,0
2041,medical,,0,0,0,0,0,0,0
2042,nikes,,0,0,0,0,0,0,0
2043,uk,,0,0,0,0,0,0,0
2044,according,,0,0,0,0,0,0,0
2045,website,,0,0,0,0,0,0,0
2046,comfortablybr,,0,0,0,0,0,0,0
2047,replacements,,0,0,0,0,0,0,0
2048,abuse,,0,0,0,0,0,0,0
2049,riding,,0,0,0,0,0,0,0
2050,motorcycle,,0,0,0,0,0,0,0
2051,industry,,0,0,0,0,0,0,0
2052,automotive,,0,0,0,0,0,0,0
2053,oil,,0,0,0,0,0,0,0
2054,stops,,0,0,0,0,0,0,0
2055,track,,0,0,0,0,0,0,0
2056,station,,0,0,0,0,0,0,0
2057,scuffed,,0,0,0,0,0,0,0
2058,peeling,,0,0,0,0,0,0,0
2059,bigbr,,0,0,0,0,0,0,0
2060,hangar,,0,0,0,0,0,0,0
2061,ramp,,0,0,0,0,0,0,0
2062,painted,,0,0,0,0,0,0,0
2063,damp,,0,0,0,0,0,0,0
2064,steeltoed,,0,0,0,0,0,0,0
2065,steeltoe,,0,0,0,0,0,0,0
2066,crush,,0,0,0,0,0,0,0
2067,wides,,0,0,0,0,0,0,0
2068,passed,,0,0,0,0,0,0,0
2069,recommending,,0,0,0,0,0,0,0
2070,switched,,0,0,0,0,0,0,0
2071,mandatory,,0,0,0,0,0,0,0
2072,shot,,0,0,0,0,0,0,0
2073,employee,,0,0,0,0,0,0,0
2074,pick,,0,0,0,0,0,0,0
2075,husbands,,0,0,0,0,0,0,0
2076,car,,0,0,0,0,0,0,0
2077,projects,,0,0,0,0,0,0,0
2078,garage,,0,0,0,0,0,0,0
2079,visit,,0,0,0,0,0,0,0
2080,security,,0,0,0,0,0,0,0
2081,garbage,,0,0,0,0,0,0,0
2082,polish,,0,0,0,0,0,0,0
2083,superb,,0,0,0,0,0,0,0
2084,scuff,,0,0,0,0,0,0,0
2085,constructed,,0,0,0,0,0,0,0
2086,maintain,,0,0,0,0,0,0,0
2087,scuffs,,0,0,0,0,0,0,0
2088,duty,,0,0,0,0,0,0,0
2089,professional,,0,0,0,0,0,0,0
2090,cook,,0,0,0,0,0,0,0
2091,hype,,0,0,0,0,0,0,0
2092,dry,,0,0,0,0,0,0,0
2093,upgrade,,0,0,0,0,0,0,0
2094,fixing,,0,0,0,0,0,0,0
2095,hell,,0,0,0,0,0,0,0
2096,lasting,,0,0,0,0,0,0,0
2097,granted,,0,0,0,0,0,0,0
2098,grew,,0,0,0,0,0,0,0
2099,comparing,,0,0,0,0,0,0,0
2100,unusual,,0,0,0,0,0,0,0
2101,guard,,0,0,0,0,0,0,0
2102,wasted,,0,0,0,0,0,0,0
2103,composite,,0,0,0,0,0,0,0
2104,tree,,0,0,0,0,0,0,0
2105,lifting,,0,0,0,0,0,0,0
2106,protecting,,0,0,0,0,0,0,0
2107,tomorrow,,0,0,0,0,0,0,0
2108,peel,,0,0,0,0,0,0,0
2109,anybody,,0,0,0,0,0,0,0
2110,selling,,0,0,0,0,0,0,0
2111,shapeups,,0,0,0,0,0,0,0
2112,enjoyed,,0,0,0,0,0,0,0
2113,bug,,0,0,0,0,0,0,0
2114,dozen,,0,0,0,0,0,0,0
2115,weekbr,,0,0,0,0,0,0,0
2116,auto,,0,0,0,0,0,0,0
2117,eye,,0,0,0,0,0,0,0
2118,power,,0,0,0,0,0,0,0
2119,finds,,0,0,0,0,0,0,0
2120,boyfriend,,0,0,0,0,0,0,0
2121,anxious,,0,0,0,0,0,0,0
2122,calluses,,0,0,0,0,0,0,0
2123,prepared,,0,0,0,0,0,0,0
2124,frustrated,,0,0,0,0,0,0,0
2125,tearing,,0,0,0,0,0,0,0
2126,august,,0,0,0,0,0,0,0
2127,produce,,0,0,0,0,0,0,0
2128,timberland,,0,0,0,0,0,0,0
2129,workboots,,0,0,0,0,0,0,0
2130,approximately,,0,0,0,0,0,0,0
2131,aches,,0,0,0,0,0,0,0
2132,burning,,0,0,0,0,0,0,0
2133,hed,,0,0,0,0,0,0,0
2134,boss,,0,0,0,0,0,0,0
2135,shocked,,0,0,0,0,0,0,0
2136,grade,,0,0,0,0,0,0,0
2137,rip,,0,0,0,0,0,0,0
2138,practically,,0,0,0,0,0,0,0
2139,kicks,,0,0,0,0,0,0,0
2140,approved,,0,0,0,0,0,0,0
2141,refused,,0,0,0,0,0,0,0
2142,serve,,0,0,0,0,0,0,0
2143,basis,,0,0,0,0,0,0,0
2144,clog,,0,0,0,0,0,0,0
2145,clogs,,0,0,0,0,0,0,0
2146,strongly,,0,0,0,0,0,0,0
2147,underneath,,0,0,0,0,0,0,0
2148,ew,,0,0,0,0,0,0,0
2149,hook,,0,0,0,0,0,0,0
2150,lacing,,0,0,0,0,0,0,0
2151,herman,,0,0,0,0,0,0,0
2152,widest,,0,0,0,0,0,0,0
2153,caterpillar,,0,0,0,0,0,0,0
2154,cooler,,0,0,0,0,0,0,0
2155,fatigue,,0,0,0,0,0,0,0
2156,protective,,0,0,0,0,0,0,0
2157,driver,,0,0,0,0,0,0,0
2158,cold,,0,0,0,0,0,0,0
2159,whos,,0,0,0,0,0,0,0
2160,workday,,0,0,0,0,0,0,0
2161,meet,,0,0,0,0,0,0,0
2162,ladders,,0,0,0,0,0,0,0
2163,detectors,,0,0,0,0,0,0,0
2164,wing,,0,0,0,0,0,0,0
2165,union,,0,0,0,0,0,0,0
2166,hurtbr,,0,0,0,0,0,0,0
2167,dead,,0,0,0,0,0,0,0
2168,grow,,0,0,0,0,0,0,0
2169,perform,,0,0,0,0,0,0,0
2170,bout,,0,0,0,0,0,0,0
2171,manufactured,,0,0,0,0,0,0,0
2172,single,,0,0,0,0,0,0,0
2173,stitching,,0,0,0,0,0,0,0
2174,flight,,0,0,0,0,0,0,0
2175,nephew,,0,0,0,0,0,0,0
2176,paper,,0,0,0,0,0,0,0
2177,crack,,0,0,0,0,0,0,0
2178,untied,,0,0,0,0,0,0,0
2179,game,,0,0,0,0,0,0,0
2180,certain,,0,0,0,0,0,0,0
2181,irritated,,0,0,0,0,0,0,0
2182,eyes,,0,0,0,0,0,0,0
2183,sense,,0,0,0,0,0,0,0
2184,gravel,,0,0,0,0,0,0,0
2185,promptly,,0,0,0,0,0,0,0
2186,noslip,,0,0,0,0,0,0,0
2187,machine,,0,0,0,0,0,0,0
2188,finished,,0,0,0,0,0,0,0
2189,wood,,0,0,0,0,0,0,0
2190,prior,,0,0,0,0,0,0,0
2191,sewn,,0,0,0,0,0,0,0
2192,bow,,0,0,0,0,0,0,0
2193,butt,,0,0,0,0,0,0,0
2194,yo,,0,0,0,0,0,0,0
2195,yeah,,0,0,0,0,0,0,0
2196,improvement,,0,0,0,0,0,0,0
2197,afford,,0,0,0,0,0,0,0
2198,adding,,0,0,0,0,0,0,0
2199,patch,,0,0,0,0,0,0,0
2200,ventilation,,0,0,0,0,0,0,0
2201,coworkers,,0,0,0,0,0,0,0
2202,eur,,0,0,0,0,0,0,0
2203,truth,,0,0,0,0,0,0,0
2204,wellbr,,0,0,0,0,0,0,0
2205,consbr,,0,0,0,0,0,0,0
2206,goodbr,,0,0,0,0,0,0,0
2207,prosbr,,0,0,0,0,0,0,0
2208,electrician,,0,0,0,0,0,0,0
2209,series,,0,0,0,0,0,0,0
2210,failed,,0,0,0,0,0,0,0
2211,grind,,0,0,0,0,0,0,0
2212,posture,,0,0,0,0,0,0,0
2213,treads,,0,0,0,0,0,0,0
2214,seeing,,0,0,0,0,0,0,0
2215,crease,,0,0,0,0,0,0,0
2216,everytime,,0,0,0,0,0,0,0
2217,bends,,0,0,0,0,0,0,0
2218,cap,,0,0,0,0,0,0,0
2219,waiter,,0,0,0,0,0,0,0
2220,speedy,,0,0,0,0,0,0,0
2221,orders,,0,0,0,0,0,0,0
2222,fluids,,0,0,0,0,0,0,0
2223,regret,,0,0,0,0,0,0,0
2224,baseball,,0,0,0,0,0,0,0
2225,leaving,,0,0,0,0,0,0,0
2226,goofy,,0,0,0,0,0,0,0
2227,orthotic,,0,0,0,0,0,0,0
2228,gussets,,0,0,0,0,0,0,0
2229,pocket,,0,0,0,0,0,0,0
2230,protect,,0,0,0,0,0,0,0
2231,styling,,0,0,0,0,0,0,0
2232,department,,0,0,0,0,0,0,0
2233,skate,,0,0,0,0,0,0,0
2234,steal,,0,0,0,0,0,0,0
2235,photos,,0,0,0,0,0,0,0
2236,detached,,0,0,0,0,0,0,0
2237,flashing,,0,0,0,0,0,0,0
2238,written,,0,0,0,0,0,0,0
2239,dust,,0,0,0,0,0,0,0
2240,gf,,0,0,0,0,0,0,0
2241,volume,,0,0,0,0,0,0,0
2242,advise,,0,0,0,0,0,0,0
2243,spends,,0,0,0,0,0,0,0
2244,nearest,,0,0,0,0,0,0,0
2245,lab,,0,0,0,0,0,0,0
2246,existent,,0,0,0,0,0,0,0
2247,buyer,,0,0,0,0,0,0,0
2248,closet,,0,0,0,0,0,0,0
2249,separated,,0,0,0,0,0,0,0
2250,stomping,,0,0,0,0,0,0,0
2251,tendon,,0,0,0,0,0,0,0
2252,created,,0,0,0,0,0,0,0
2253,slipproof,,0,0,0,0,0,0,0
2254,suck,,0,0,0,0,0,0,0
2255,jobs,,0,0,0,0,0,0,0
2256,book,,0,0,0,0,0,0,0
2257,weve,,0,0,0,0,0,0,0
2258,overpriced,,0,0,0,0,0,0,0
2259,manager,,0,0,0,0,0,0,0
2260,extrawide,,0,0,0,0,0,0,0
2261,wearer,,0,0,0,0,0,0,0
2262,awful,,0,0,0,0,0,0,0
2263,doctor,,0,0,0,0,0,0,0
2264,converse,,0,0,0,0,0,0,0
2265,nonskid,,0,0,0,0,0,0,0
2266,improved,,0,0,0,0,0,0,0
2267,improve,,0,0,0,0,0,0,0
2268,bleeding,,0,0,0,0,0,0,0
2269,ðŸ,,0,0,0,0,0,0,0
2270,superior,,0,0,0,0,0,0,0
2271,boys,,0,0,0,0,0,0,0
2272,cleats,,0,0,0,0,0,0,0
2273,ice,,0,0,0,0,0,0,0
2274,saved,,0,0,0,0,0,0,0
2275,goods,,0,0,0,0,0,0,0
2276,respond,,0,0,0,0,0,0,0
2277,response,,0,0,0,0,0,0,0
2278,search,,0,0,0,0,0,0,0
2279,fee,,0,0,0,0,0,0,0
2280,control,,0,0,0,0,0,0,0
2281,lets,,0,0,0,0,0,0,0
2282,learned,,0,0,0,0,0,0,0
2283,easter,,0,0,0,0,0,0,0
2284,menu,,0,0,0,0,0,0,0
2285,functional,,0,0,0,0,0,0,0
2286,quit,,0,0,0,0,0,0,0
2287,bearable,,0,0,0,0,0,0,0
2288,plant,,0,0,0,0,0,0,0
2289,finger,,0,0,0,0,0,0,0
2290,pricy,,0,0,0,0,0,0,0
2291,ect,,0,0,0,0,0,0,0
2292,lock,,0,0,0,0,0,0,0
2293,moves,,0,0,0,0,0,0,0
2294,cover,,0,0,0,0,0,0,0
2295,stitches,,0,0,0,0,0,0,0
2296,comp,,0,0,0,0,0,0,0
2297,luck,,0,0,0,0,0,0,0
2298,returns,,0,0,0,0,0,0,0
2299,possibly,,0,0,0,0,0,0,0
2300,bar,,0,0,0,0,0,0,0
2301,increase,,0,0,0,0,0,0,0
2302,facility,,0,0,0,0,0,0,0
2303,sports,,0,0,0,0,0,0,0
2304,carry,,0,0,0,0,0,0,0
2305,muddy,,0,0,0,0,0,0,0
2306,vs,,0,0,0,0,0,0,0
2307,ps,,0,0,0,0,0,0,0
2308,aroundbr,,0,0,0,0,0,0,0
2309,springy,,0,0,0,0,0,0,0
2310,pinch,,0,0,0,0,0,0,0
2311,features,,0,0,0,0,0,0,0
2312,flawless,,0,0,0,0,0,0,0
2313,beds,,0,0,0,0,0,0,0
2314,irritating,,0,0,0,0,0,0,0
2315,ex,,0,0,0,0,0,0,0
2316,protected,,0,0,0,0,0,0,0
2317,early,,0,0,0,0,0,0,0
2318,recovering,,0,0,0,0,0,0,0
2319,recieved,,0,0,0,0,0,0,0
2320,shies,,0,0,0,0,0,0,0
2321,removable,,0,0,0,0,0,0,0
2322,weightbr,,0,0,0,0,0,0,0
2323,mild,,0,0,0,0,0,0,0
2324,fancy,,0,0,0,0,0,0,0
2325,term,,0,0,0,0,0,0,0
2326,mesh,,0,0,0,0,0,0,0
2327,soo,,0,0,0,0,0,0,0
2328,resell,,0,0,0,0,0,0,0
2329,hr,,0,0,0,0,0,0,0
2330,requirements,,0,0,0,0,0,0,0
2331,shose,,0,0,0,0,0,0,0
2332,easier,,0,0,0,0,0,0,0
2333,alloy,,0,0,0,0,0,0,0
2334,mention,,0,0,0,0,0,0,0
2335,drop,,0,0,0,0,0,0,0
2336,boxes,,0,0,0,0,0,0,0
2337,mid,,0,0,0,0,0,0,0
2338,talk,,0,0,0,0,0,0,0
2339,info,,0,0,0,0,0,0,0
2340,plate,,0,0,0,0,0,0,0
2341,activities,,0,0,0,0,0,0,0
2342,sets,,0,0,0,0,0,0,0
2343,climb,,0,0,0,0,0,0,0
2344,lightly,,0,0,0,0,0,0,0
2345,cheapest,,0,0,0,0,0,0,0
2346,chips,,0,0,0,0,0,0,0
2347,shoelaces,,0,0,0,0,0,0,0
2348,despite,,0,0,0,0,0,0,0
2349,wipe,,0,0,0,0,0,0,0
2350,performance,,0,0,0,0,0,0,0
2351,yellow,,0,0,0,0,0,0,0
2352,combo,,0,0,0,0,0,0,0
2353,watching,,0,0,0,0,0,0,0
2354,helpful,,0,0,0,0,0,0,0
2355,bargain,,0,0,0,0,0,0,0
2356,recommendation,,0,0,0,0,0,0,0
2357,outstanding,,0,0,0,0,0,0,0
2358,assumed,,0,0,0,0,0,0,0
2359,flour,,0,0,0,0,0,0,0
2360,wiping,,0,0,0,0,0,0,0
2361,process,,0,0,0,0,0,0,0
2362,womans,,0,0,0,0,0,0,0
2363,waited,,0,0,0,0,0,0,0
2364,shoelace,,0,0,0,0,0,0,0
2365,thirty,,0,0,0,0,0,0,0
2366,bump,,0,0,0,0,0,0,0
2367,expectedbr,,0,0,0,0,0,0,0
2368,convenient,,0,0,0,0,0,0,0
2369,feets,,0,0,0,0,0,0,0
2370,unforgiving,,0,0,0,0,0,0,0
2371,sucks,,0,0,0,0,0,0,0
2372,brick,,0,0,0,0,0,0,0
2373,insul,,0,0,0,0,0,0,0
2374,giant,,0,0,0,0,0,0,0
2375,worrying,,0,0,0,0,0,0,0
2376,waitress,,0,0,0,0,0,0,0
2377,warn,,0,0,0,0,0,0,0
2378,clinical,,0,0,0,0,0,0,0
2379,fade,,0,0,0,0,0,0,0
2380,function,,0,0,0,0,0,0,0
2381,lives,,0,0,0,0,0,0,0
2382,shifting,,0,0,0,0,0,0,0
2383,horribly,,0,0,0,0,0,0,0
2384,print,,0,0,0,0,0,0,0
2385,coworker,,0,0,0,0,0,0,0
2386,risk,,0,0,0,0,0,0,0
2387,manufacturers,,0,0,0,0,0,0,0
2388,tells,,0,0,0,0,0,0,0
2389,ladies,,0,0,0,0,0,0,0
2390,bakery,,0,0,0,0,0,0,0
2391,nurses,,0,0,0,0,0,0,0
2392,runner,,0,0,0,0,0,0,0
2393,sauce,,0,0,0,0,0,0,0
2394,withstand,,0,0,0,0,0,0,0
2395,versions,,0,0,0,0,0,0,0
2396,faced,,0,0,0,0,0,0,0
2397,taken,,0,0,0,0,0,0,0
2398,dlites,,0,0,0,0,0,0,0
2399,perfectos,,0,0,0,0,0,0,0
2400,fortune,,0,0,0,0,0,0,0
2401,toss,,0,0,0,0,0,0,0
2402,january,,0,0,0,0,0,0,0
2403,washed,,0,0,0,0,0,0,0
2404,frills,,0,0,0,0,0,0,0
2405,rains,,0,0,0,0,0,0,0
2406,crocs,,0,0,0,0,0,0,0
2407,ons,,0,0,0,0,0,0,0
2408,tries,,0,0,0,0,0,0,0
2409,burn,,0,0,0,0,0,0,0
2410,bleed,,0,0,0,0,0,0,0
2411,calves,,0,0,0,0,0,0,0
2412,cush,,0,0,0,0,0,0,0
2413,square,,0,0,0,0,0,0,0
2414,gluing,,0,0,0,0,0,0,0
2415,strings,,0,0,0,0,0,0,0
2416,fray,,0,0,0,0,0,0,0
2417,training,,0,0,0,0,0,0,0
2418,dansko,,0,0,0,0,0,0,0
2419,trash,,0,0,0,0,0,0,0
2420,rotate,,0,0,0,0,0,0,0
2421,heard,,0,0,0,0,0,0,0
2422,niece,,0,0,0,0,0,0,0
2423,baby,,0,0,0,0,0,0,0
2424,active,,0,0,0,0,0,0,0
2425,toesbr,,0,0,0,0,0,0,0
2426,concern,,0,0,0,0,0,0,0
2427,killed,,0,0,0,0,0,0,0
2428,rn,,0,0,0,0,0,0,0
2429,monday,,0,0,0,0,0,0,0
2430,colored,,0,0,0,0,0,0,0
2431,softies,,0,0,0,0,0,0,0
2432,bent,,0,0,0,0,0,0,0
2433,washing,,0,0,0,0,0,0,0
2434,ruin,,0,0,0,0,0,0,0
2435,decide,,0,0,0,0,0,0,0
2436,spray,,0,0,0,0,0,0,0
2437,knows,,0,0,0,0,0,0,0
2438,squeaked,,0,0,0,0,0,0,0
2439,dainty,,0,0,0,0,0,0,0
2440,buyers,,0,0,0,0,0,0,0
2441,toebox,,0,0,0,0,0,0,0
2442,depends,,0,0,0,0,0,0,0
2443,listened,,0,0,0,0,0,0,0
2444,fortunately,,0,0,0,0,0,0,0
2445,popping,,0,0,0,0,0,0,0
2446,sweaty,,0,0,0,0,0,0,0
2447,physical,,0,0,0,0,0,0,0
2448,galaxy,,0,0,0,0,0,0,0
2449,slow,,0,0,0,0,0,0,0
2450,prettiest,,0,0,0,0,0,0,0
2451,marshmallow,,0,0,0,0,0,0,0
2452,muscles,,0,0,0,0,0,0,0
2453,watch,,0,0,0,0,0,0,0
2454,compares,,0,0,0,0,0,0,0
2455,calf,,0,0,0,0,0,0,0
2456,danskos,,0,0,0,0,0,0,0
2457,guide,,0,0,0,0,0,0,0
2458,struggle,,0,0,0,0,0,0,0
2459,stood,,0,0,0,0,0,0,0
2460,berkinstocks,,0,0,0,0,0,0,0
2461,popular,,0,0,0,0,0,0,0
2462,pop,,0,0,0,0,0,0,0
2463,apparently,,0,0,0,0,0,0,0
2464,christmas,,0,0,0,0,0,0,0
2465,greasy,,0,0,0,0,0,0,0
2466,stride,,0,0,0,0,0,0,0
2467,ride,,0,0,0,0,0,0,0
2468,younger,,0,0,0,0,0,0,0
2469,marathon,,0,0,0,0,0,0,0
2470,beautifully,,0,0,0,0,0,0,0
2471,neat,,0,0,0,0,0,0,0
2472,animals,,0,0,0,0,0,0,0
2473,saving,,0,0,0,0,0,0,0
2474,terms,,0,0,0,0,0,0,0
2475,commented,,0,0,0,0,0,0,0
2476,assume,,0,0,0,0,0,0,0
2477,pavement,,0,0,0,0,0,0,0
2478,magic,,0,0,0,0,0,0,0
2479,scratch,,0,0,0,0,0,0,0
2480,questions,,0,0,0,0,0,0,0
2481,delighted,,0,0,0,0,0,0,0
2482,ultra,,0,0,0,0,0,0,0
2483,grandson,,0,0,0,0,0,0,0
2484,adores,,0,0,0,0,0,0,0
2485,rush,,0,0,0,0,0,0,0
2486,shell,,0,0,0,0,0,0,0
2487,growing,,0,0,0,0,0,0,0
2488,rite,,0,0,0,0,0,0,0
2489,saucony,,0,0,0,0,0,0,0
2490,spin,,0,0,0,0,0,0,0
2491,yearold,,0,0,0,0,0,0,0
2492,toddlers,,0,0,0,0,0,0,0
2493,granddaughter,,0,0,0,0,0,0,0
2494,rainbow,,0,0,0,0,0,0,0
2495,daycare,,0,0,0,0,0,0,0
2496,bows,,0,0,0,0,0,0,0
2497,lightup,,0,0,0,0,0,0,0
2498,camo,,0,0,0,0,0,0,0
2499,grandaughter,,0,0,0,0,0,0,0
2500,twinkle,,0,0,0,0,0,0,0
2501,toddler,,0,0,0,0,0,0,0
2502,soccer,,0,0,0,0,0,0,0
2503,child,,0,0,0,0,0,0,0
2504,grows,,0,0,0,0,0,0,0
2505,lights,,0,0,0,0,0,0,0
2506,receives,,0,0,0,0,0,0,0
2507,outgrew,,0,0,0,0,0,0,0
2508,kid,,0,0,0,0,0,0,0
2509,granddaughters,,0,0,0,0,0,0,0
2510,request,,0,0,0,0,0,0,0
2511,princess,,0,0,0,0,0,0,0
2512,gorun,,0,0,0,0,0,0,0
2513,proving,,0,0,0,0,0,0,0
2514,minimalist,,0,0,0,0,0,0,0
2515,strike,,0,0,0,0,0,0,0
2516,transition,,0,0,0,0,0,0,0
2517,midfoot,,0,0,0,0,0,0,0
2518,guessing,,0,0,0,0,0,0,0
2519,neutral,,0,0,0,0,0,0,0
2520,trainers,,0,0,0,0,0,0,0
2521,race,,0,0,0,0,0,0,0
2522,runners,,0,0,0,0,0,0,0
2523,camping,,0,0,0,0,0,0,0
2524,dried,,0,0,0,0,0,0,0
2525,canvas,,0,0,0,0,0,0,0
2526,throwing,,0,0,0,0,0,0,0
2527,purposes,,0,0,0,0,0,0,0
2528,shouldve,,0,0,0,0,0,0,0
2529,prompt,,0,0,0,0,0,0,0
2530,parks,,0,0,0,0,0,0,0
2531,tears,,0,0,0,0,0,0,0
2532,jumping,,0,0,0,0,0,0,0
2533,lit,,0,0,0,0,0,0,0
2534,chubby,,0,0,0,0,0,0,0
2535,offbr,,0,0,0,0,0,0,0
2536,cutest,,0,0,0,0,0,0,0
2537,preschool,,0,0,0,0,0,0,0
2538,distracting,,0,0,0,0,0,0,0
2539,battery,,0,0,0,0,0,0,0
2540,zipper,,0,0,0,0,0,0,0
2541,exelente,,0,0,0,0,0,0,0
2542,camp,,0,0,0,0,0,0,0
2543,adults,,0,0,0,0,0,0,0
2544,twinkling,,0,0,0,0,0,0,0
2545,leds,,0,0,0,0,0,0,0
2546,onoff,,0,0,0,0,0,0,0
2547,flash,,0,0,0,0,0,0,0
2548,nieces,,0,0,0,0,0,0,0
2549,childs,,0,0,0,0,0,0,0
2550,sneaks,,0,0,0,0,0,0,0
2551,sleep,,0,0,0,0,0,0,0
2552,grown,,0,0,0,0,0,0,0
2553,buttons,,0,0,0,0,0,0,0
2554,turning,,0,0,0,0,0,0,0
2555,glass,,0,0,0,0,0,0,0
2556,colorful,,0,0,0,0,0,0,0
2557,clearly,,0,0,0,0,0,0,0
2558,darling,,0,0,0,0,0,0,0
2559,children,,0,0,0,0,0,0,0
2560,lucky,,0,0,0,0,0,0,0
2561,jumps,,0,0,0,0,0,0,0
2562,youngest,,0,0,0,0,0,0,0
2563,daugher,,0,0,0,0,0,0,0
2564,sequins,,0,0,0,0,0,0,0
2565,expense,,0,0,0,0,0,0,0
2566,childrens,,0,0,0,0,0,0,0
2567,tv,,0,0,0,0,0,0,0
2568,flashy,,0,0,0,0,0,0,0
2569,daugther,,0,0,0,0,0,0,0
2570,flowers,,0,0,0,0,0,0,0
2571,stitched,,0,0,0,0,0,0,0
2572,preschooler,,0,0,0,0,0,0,0
2573,music,,0,0,0,0,0,0,0
2574,growth,,0,0,0,0,0,0,0
2575,outgrow,,0,0,0,0,0,0,0
2576,closer,,0,0,0,0,0,0,0
2577,contact,,0,0,0,0,0,0,0
2578,satin,,0,0,0,0,0,0,0
2579,playing,,0,0,0,0,0,0,0
2580,playground,,0,0,0,0,0,0,0
2581,purple,,0,0,0,0,0,0,0
2582,learning,,0,0,0,0,0,0,0
2583,kiddo,,0,0,0,0,0,0,0
2584,glow,,0,0,0,0,0,0,0
2585,enjoys,,0,0,0,0,0,0,0
2586,olds,,0,0,0,0,0,0,0
2587,trail,,0,0,0,0,0,0,0
2588,outgrows,,0,0,0,0,0,0,0
2589,plays,,0,0,0,0,0,0,0
2590,turquoise,,0,0,0,0,0,0,0
2591,pe,,0,0,0,0,0,0,0
2592,hates,,0,0,0,0,0,0,0
2593,twins,,0,0,0,0,0,0,0
2594,brightly,,0,0,0,0,0,0,0
2595,doughter,,0,0,0,0,0,0,0
2596,spiderman,,0,0,0,0,0,0,0
2597,washable,,0,0,0,0,0,0,0
2598,measures,,0,0,0,0,0,0,0
2599,springs,,0,0,0,0,0,0,0
2600,win,,0,0,0,0,0,0,0
2601,kindergarten,,0,0,0,0,0,0,0
2602,recess,,0,0,0,0,0,0,0
2603,pockets,,0,0,0,0,0,0,0
2604,jealous,,0,0,0,0,0,0,0
2605,appreciated,,0,0,0,0,0,0,0
2606,grandkids,,0,0,0,0,0,0,0
2607,simon,,0,0,0,0,0,0,0
2608,novelty,,0,0,0,0,0,0,0
2609,gamekicks,,0,0,0,0,0,0,0
2610,compasses,,0,0,0,0,0,0,0
2611,compass,,0,0,0,0,0,0,0
2612,flashlight,,0,0,0,0,0,0,0
2613,obnoxious,,0,0,0,0,0,0,0
2614,main,,0,0,0,0,0,0,0
2615,batteries,,0,0,0,0,0,0,0
2616,embossed,,0,0,0,0,0,0,0
2617,glasses,,0,0,0,0,0,0,0
2618,suction,,0,0,0,0,0,0,0
2619,bionic,,0,0,0,0,0,0,0
2620,gobionic,,0,0,0,0,0,0,0
